"","Track URI","track_name","album_name","artist_name","release_date","song_dur","pop","exp","Added By","Added At","genre","record_label","danceability","energy","key","loudness","mode","speechiness","acousticness","instrumentalness","liveness","valence","tempo","time_sig","artist_group","mean_song_dur","mean_pop","mean_exp","mean_danceability","mean_energy","mean_loudness","mean_speechiness","mean_acousticness","mean_instrumentalness","mean_liveness","mean_valence","mean_tempo"
"1","spotify:track:7yNK27ZTpHew0c55VvIJgm","Dark Fantasy","My Beautiful Dark Twisted Fantasy - 2010","Kanye West",2010-11-22,280786,71,TRUE,"bobrossthelegend",2026-03-22 17:45:51,"rap","Roc-A-Fella",0.599,0.587,5,-5.919,1,0.0423,0.274,0,0.167,0.373,87.998,4,"Kanye West",NA,NA,NA,NA,NA,NA,NA,NA,NA,NA,NA,NA
"2","spotify:track:23SZWX2IaDnxmhFsSLvkG2","Gorgeous","My Beautiful Dark Twisted Fantasy - 2010","Kanye West",2010-11-22,357653,71,TRUE,"bobrossthelegend",2026-03-22 17:45:52,"rap,east coast hip hop,old school hip hop,hardcore hip hop,hip hop,boom bap","Roc-A-Fella",0.598,0.713,6,-3.625,0,0.0326,0.0207,0.000175,0.431,0.118,91.964,4,"Kanye West",NA,NA,NA,NA,NA,NA,NA,NA,NA,NA,NA,NA
"3","spotify:track:2gZUPNdnz5Y45eiGxpHGSc","POWER","My Beautiful Dark Twisted Fantasy - 2010","Kanye West",2010-11-22,292093,81,TRUE,"bobrossthelegend",2026-03-22 17:46:00,"rap","Roc-A-Fella",0.542,0.914,0,-4.747,0,0.113,0.0161,0,0.744,0.576,153.993,4,"Kanye West",NA,NA,NA,NA,NA,NA,NA,NA,NA,NA,NA,NA
"4","spotify:track:4D6TpthzUVNTjWQqfBW5Kb","All Of The Lights (Interlude)","My Beautiful Dark Twisted Fantasy - 2010","Kanye West",2010-11-22,62253,60,TRUE,"bobrossthelegend",2026-03-22 17:46:02,"rap","Roc-A-Fella",0.296,0.0792,10,-16.569,0,0.0389,0.902,0.591,0.128,0.496,110.95,3,"Kanye West",NA,NA,NA,NA,NA,NA,NA,NA,NA,NA,NA,NA
"5","spotify:track:22L7bfCiAkJo5xGSQgmiIO","All Of The Lights","My Beautiful Dark Twisted Fantasy - 2010","Kanye West",2010-11-22,299613,82,TRUE,"bobrossthelegend",2026-03-22 17:46:06,"rap","Roc-A-Fella",0.531,0.803,1,-3.284,1,0.0717,0.0796,1.71e-05,0.176,0.221,142.113,4,"Kanye West",NA,NA,NA,NA,NA,NA,NA,NA,NA,NA,NA,NA
"6","spotify:track:1ZHYJ2Wwgxes4m8Ba88PeK","Monster","My Beautiful Dark Twisted Fantasy - 2010","Kanye West",2010-11-22,378893,75,TRUE,"bobrossthelegend",2026-03-22 17:46:08,"rap,hip hop,east coast hip hop,southern hip hop","Roc-A-Fella",0.628,0.692,2,-5.64,1,0.202,0.00244,0.0129,0.668,0.0963,124.887,5,"Kanye West",NA,NA,NA,NA,NA,NA,NA,NA,NA,NA,NA,NA
"7","spotify:track:6K07Ahf6V7CAQn0ikrOztl","So Appalled","My Beautiful Dark Twisted Fantasy - 2010","Kanye West",2010-11-22,397666,63,TRUE,"bobrossthelegend",2026-03-22 17:46:11,"rap,hip hop,east coast hip hop","Roc-A-Fella",0.64,0.754,1,-5.873,0,0.283,0.255,0,0.63,0.584,87.15,4,"Kanye West",NA,NA,NA,NA,NA,NA,NA,NA,NA,NA,NA,NA
"8","spotify:track:1UGD3lW3tDmgZfAVDh6w7r","Devil In A New Dress","My Beautiful Dark Twisted Fantasy - 2010","Kanye West",2010-11-22,351946,79,TRUE,"bobrossthelegend",2026-03-22 17:46:12,"rap,southern hip hop","Roc-A-Fella",0.435,0.76,8,-4.935,0,0.0721,0.0175,0,0.158,0.206,80.082,4,"Kanye West",NA,NA,NA,NA,NA,NA,NA,NA,NA,NA,NA,NA
"9","spotify:track:3DK6m7It6Pw857FcQftMds","Runaway","My Beautiful Dark Twisted Fantasy - 2010","Kanye West",2010-11-22,547733,85,TRUE,"bobrossthelegend",2026-03-22 17:46:12,"rap","Roc-A-Fella",0.374,0.568,1,-3.825,0,0.109,0.219,0.00219,0.513,0.111,84.733,4,"Kanye West",NA,NA,NA,NA,NA,NA,NA,NA,NA,NA,NA,NA
"10","spotify:track:3rCNmRonlHN1TXQLcG3dSk","Hell Of A Life","My Beautiful Dark Twisted Fantasy - 2010","Kanye West",2010-11-22,327786,69,TRUE,"bobrossthelegend",2026-03-22 17:46:13,"rap","Roc-A-Fella",0.449,0.813,8,-5.478,1,0.129,0.00142,0.000172,0.106,0.452,177.962,4,"Kanye West",NA,NA,NA,NA,NA,NA,NA,NA,NA,NA,NA,NA
"11","spotify:track:4EndPA8b6FDWYp1RgsnLEB","Blame Game","My Beautiful Dark Twisted Fantasy - 2010","Kanye West",2010-11-22,469866,63,TRUE,"bobrossthelegend",2026-03-22 17:46:14,"rap,soft pop,neo soul","Roc-A-Fella",0.419,0.581,10,-5.964,0,0.0688,0.306,6.3e-05,0.11,0.636,80.305,1,"Kanye West",NA,NA,NA,NA,NA,NA,NA,NA,NA,NA,NA,NA
"12","spotify:track:2Im64pIz6m0EJKdUe6eZ8r","Lost In The World","My Beautiful Dark Twisted Fantasy - 2010","Kanye West",2010-11-22,256586,66,TRUE,"bobrossthelegend",2026-03-22 17:46:15,"rap","Roc-A-Fella",0.608,0.746,5,-5.249,0,0.184,0.115,0.0087,0.427,0.277,117.072,4,"Kanye West",NA,NA,NA,NA,NA,NA,NA,NA,NA,NA,NA,NA
"13","spotify:track:4e5IPJxSGVWPsaxQzdRseN","Who Will Survive In America","My Beautiful Dark Twisted Fantasy - 2010","Kanye West",2010-11-22,98200,55,TRUE,"bobrossthelegend",2026-03-22 17:46:16,"rap","Roc-A-Fella",0.677,0.842,1,-6.111,1,0.36,0.228,0.000684,0.856,0.595,116.166,4,"Kanye West",NA,NA,NA,NA,NA,NA,NA,NA,NA,NA,NA,NA
"14","spotify:track:0IW0qaeyxL5Et4UG2MrJKB","We Don't Care","The College Dropout - 2004","Kanye West",2004-02-10,239880,66,TRUE,"bobrossthelegend",2026-02-16 17:28:52,"rap","Roc-A-Fella",0.595,0.754,11,-5.827,0,0.181,0.0142,0,0.247,0.647,83.155,4,"Kanye West",218258.047619048,59.5238095238095,0.952380952380952,0.57952380952381,0.593571428571429,-7.79642857142857,0.407614285714286,0.360021904761905,6.54285714285714e-07,0.321,0.665,109.784142857143
"15","spotify:track:5SkRLpaGtvYPhw02vZhQQ9","All Falls Down","The College Dropout - 2004","Kanye West",2004-02-10,223506,84,TRUE,"bobrossthelegend",2026-02-16 17:28:52,"rap,neo soul","Roc-A-Fella",0.657,0.734,8,-4.832,0,0.484,0.149,0,0.139,0.434,91.03,4,"Kanye West",218258.047619048,59.5238095238095,0.952380952380952,0.57952380952381,0.593571428571429,-7.79642857142857,0.407614285714286,0.360021904761905,6.54285714285714e-07,0.321,0.665,109.784142857143
"16","spotify:track:1ko2NuvWlQdxtNRc8QQzmT","Spaceship","The College Dropout - 2004","Kanye West",2004-02-10,324226,66,TRUE,"bobrossthelegend",2026-02-16 17:28:52,"rap","Roc-A-Fella",0.507,0.753,5,-5.31,0,0.19,0.503,0,0.573,0.657,178.068,3,"Kanye West",218258.047619048,59.5238095238095,0.952380952380952,0.57952380952381,0.593571428571429,-7.79642857142857,0.407614285714286,0.360021904761905,6.54285714285714e-07,0.321,0.665,109.784142857143
"17","spotify:track:5g1vtHqi9uV7xtYeCcFOBx","Jesus Walks","The College Dropout - 2004","Kanye West",2004-02-10,193733,71,TRUE,"bobrossthelegend",2026-02-16 17:28:52,"rap","Roc-A-Fella",0.637,0.834,3,-4.686,0,0.323,0.614,0,0.317,0.715,87.312,4,"Kanye West",218258.047619048,59.5238095238095,0.952380952380952,0.57952380952381,0.593571428571429,-7.79642857142857,0.407614285714286,0.360021904761905,6.54285714285714e-07,0.321,0.665,109.784142857143
"18","spotify:track:34j4OxJxKznBs88cjSL2j9","Never Let Me Down","The College Dropout - 2004","Kanye West",2004-02-10,324440,63,TRUE,"bobrossthelegend",2026-02-16 17:28:52,"rap,hip hop,east coast hip hop,spoken word,jazz funk","Roc-A-Fella",0.459,0.816,11,-4.872,0,0.403,0.423,0,0.169,0.643,80.293,4,"Kanye West",218258.047619048,59.5238095238095,0.952380952380952,0.57952380952381,0.593571428571429,-7.79642857142857,0.407614285714286,0.360021904761905,6.54285714285714e-07,0.321,0.665,109.784142857143
"19","spotify:track:5b2FFKC64kxqcfaFnIZxoM","Get Em High","The College Dropout - 2004","Kanye West",2004-02-10,289493,60,TRUE,"bobrossthelegend",2026-02-16 17:28:52,"rap,east coast hip hop,hip hop,jazz rap,neo soul","Roc-A-Fella",0.614,0.644,11,-5.672,0,0.373,0.184,0,0.489,0.649,84.788,4,"Kanye West",218258.047619048,59.5238095238095,0.952380952380952,0.57952380952381,0.593571428571429,-7.79642857142857,0.407614285714286,0.360021904761905,6.54285714285714e-07,0.321,0.665,109.784142857143
"20","spotify:track:1Vp4St7JcXaUoJcIahtf3L","The New Workout Plan","The College Dropout - 2004","Kanye West",2004-02-10,322800,63,TRUE,"bobrossthelegend",2026-02-16 17:28:52,"rap","Roc-A-Fella",0.704,0.792,2,-4.831,1,0.198,0.00981,0,0.365,0.646,118.022,4,"Kanye West",218258.047619048,59.5238095238095,0.952380952380952,0.57952380952381,0.593571428571429,-7.79642857142857,0.407614285714286,0.360021904761905,6.54285714285714e-07,0.321,0.665,109.784142857143
"21","spotify:track:3A4cpTBPaIQdtPFb5JxtaX","Slow Jamz","The College Dropout - 2004","Kanye West",2004-02-10,316053,73,TRUE,"bobrossthelegend",2026-02-16 17:28:52,"rap","Roc-A-Fella",0.559,0.733,2,-5.659,0,0.171,0.314,0,0.284,0.611,145.115,4,"Kanye West",218258.047619048,59.5238095238095,0.952380952380952,0.57952380952381,0.593571428571429,-7.79642857142857,0.407614285714286,0.360021904761905,6.54285714285714e-07,0.321,0.665,109.784142857143
"22","spotify:track:4KFY4EEv9CN6ivrzD6vEvg","Breathe In Breathe Out","The College Dropout - 2004","Kanye West",2004-02-10,246933,57,TRUE,"bobrossthelegend",2026-02-16 17:28:52,"rap,southern hip hop","Roc-A-Fella",0.636,0.7,1,-3.099,0,0.421,0.341,0,0.161,0.924,88.817,4,"Kanye West",218258.047619048,59.5238095238095,0.952380952380952,0.57952380952381,0.593571428571429,-7.79642857142857,0.407614285714286,0.360021904761905,6.54285714285714e-07,0.321,0.665,109.784142857143
"23","spotify:track:1th3G3okofWlvGWAAR7Y4V","School Spirit","The College Dropout - 2004","Kanye West",2004-02-10,182386,57,FALSE,"bobrossthelegend",2026-02-16 17:28:52,"rap","Roc-A-Fella",0.483,0.787,5,-5.422,0,0.21,0.339,0,0.236,0.592,84.81,4,"Kanye West",218258.047619048,59.5238095238095,0.952380952380952,0.57952380952381,0.593571428571429,-7.79642857142857,0.407614285714286,0.360021904761905,6.54285714285714e-07,0.321,0.665,109.784142857143
"24","spotify:track:62wtttQzoIA9HnNmGVd9Yq","Two Words","The College Dropout - 2004","Kanye West",2004-02-10,266213,63,TRUE,"bobrossthelegend",2026-02-16 17:28:52,"rap,east coast hip hop,old school hip hop,hip hop,southern gospel","Roc-A-Fella",0.442,0.807,6,-4.753,1,0.265,0.0158,6.43e-06,0.217,0.446,84.649,4,"Kanye West",218258.047619048,59.5238095238095,0.952380952380952,0.57952380952381,0.593571428571429,-7.79642857142857,0.407614285714286,0.360021904761905,6.54285714285714e-07,0.321,0.665,109.784142857143
"25","spotify:track:4mmkhcEm1Ljy1U9nwtsxUo","Through The Wire","The College Dropout - 2004","Kanye West",2004-02-10,221226,76,TRUE,"bobrossthelegend",2026-02-16 17:28:52,"rap","Roc-A-Fella",0.571,0.739,7,-6.11,1,0.247,0.00865,5.21e-06,0.158,0.66,83.089,4,"Kanye West",218258.047619048,59.5238095238095,0.952380952380952,0.57952380952381,0.593571428571429,-7.79642857142857,0.407614285714286,0.360021904761905,6.54285714285714e-07,0.321,0.665,109.784142857143
"26","spotify:track:5DBmXF7QO43Cuy9yqva116","Family Business","The College Dropout - 2004","Kanye West",2004-02-10,278893,69,TRUE,"bobrossthelegend",2026-02-16 17:28:52,"rap","Roc-A-Fella",0.744,0.524,1,-7.452,1,0.21,0.139,0,0.392,0.606,93.691,4,"Kanye West",218258.047619048,59.5238095238095,0.952380952380952,0.57952380952381,0.593571428571429,-7.79642857142857,0.407614285714286,0.360021904761905,6.54285714285714e-07,0.321,0.665,109.784142857143
"27","spotify:track:7iOhWWYjhhQiXzF4o4HhXN","Last Call","The College Dropout - 2004","Kanye West",2004-02-10,760973,62,TRUE,"bobrossthelegend",2026-02-16 17:28:52,"rap","Roc-A-Fella",0.473,0.727,8,-6.843,1,0.356,0.577,0,0.316,0.854,83.212,4,"Kanye West",218258.047619048,59.5238095238095,0.952380952380952,0.57952380952381,0.593571428571429,-7.79642857142857,0.407614285714286,0.360021904761905,6.54285714285714e-07,0.321,0.665,109.784142857143
"28","spotify:track:6yIjtVtnOBeC8SwdVHzAuF","Heard 'Em Say","Late Registration - 2005","Kanye West",2005-08-30,203733,67,TRUE,"bobrossthelegend",2026-02-16 17:28:55,"rap","Roc-A-Fella",0.744,0.696,7,-8.313,0,0.162,0.0535,0.0454,0.128,0.563,95.07,4,"Kanye West",200105.666666667,57.5714285714286,1,0.595619047619048,0.63647619047619,-7.8592380952381,0.3764,0.18024619047619,0.00218663333333333,0.200980952380952,0.520904761904762,97.7745238095238
"29","spotify:track:2dxjKgT0li4qBI3QwuN9Ih","Touch The Sky","Late Registration - 2005","Kanye West",2005-08-30,236600,80,TRUE,"bobrossthelegend",2026-02-16 17:28:55,"rap","Roc-A-Fella",0.552,0.846,9,-4.912,1,0.342,0.0114,0,0.309,0.554,98.56,1,"Kanye West",200105.666666667,57.5714285714286,1,0.595619047619048,0.63647619047619,-7.8592380952381,0.3764,0.18024619047619,0.00218663333333333,0.200980952380952,0.520904761904762,97.7745238095238
"30","spotify:track:1PS1QMdUqOal0ai3Gt7sDQ","Gold Digger","Late Registration - 2005","Kanye West",2005-08-30,207626,80,TRUE,"bobrossthelegend",2026-02-16 17:28:55,"rap","Roc-A-Fella",0.629,0.696,1,-5.572,0,0.348,0.0195,0,0.0554,0.623,93.034,4,"Kanye West",200105.666666667,57.5714285714286,1,0.595619047619048,0.63647619047619,-7.8592380952381,0.3764,0.18024619047619,0.00218663333333333,0.200980952380952,0.520904761904762,97.7745238095238
"31","spotify:track:6vB49BJ70zBpDrrAPwdaB8","Drive Slow","Late Registration - 2005","Kanye West",2005-08-30,272226,60,TRUE,"bobrossthelegend",2026-02-16 17:28:55,"rap,southern hip hop,crunk","Roc-A-Fella",0.593,0.593,11,-8.216,1,0.289,0.0306,9.94e-06,0.229,0.488,81.291,1,"Kanye West",200105.666666667,57.5714285714286,1,0.595619047619048,0.63647619047619,-7.8592380952381,0.3764,0.18024619047619,0.00218663333333333,0.200980952380952,0.520904761904762,97.7745238095238
"32","spotify:track:4fRTe59xEeNHT4uyAGsV27","Crack Music","Late Registration - 2005","Kanye West",2005-08-30,270866,55,TRUE,"bobrossthelegend",2026-02-16 17:28:55,"rap,west coast hip hop,old school hip hop,hip hop,gangster rap","Roc-A-Fella",0.726,0.712,11,-6.288,0,0.209,0.00975,0.000477,0.345,0.554,168.121,5,"Kanye West",200105.666666667,57.5714285714286,1,0.595619047619048,0.63647619047619,-7.8592380952381,0.3764,0.18024619047619,0.00218663333333333,0.200980952380952,0.520904761904762,97.7745238095238
"33","spotify:track:2DHNCWZYmVr1Lv08q5b0kB","Roses","Late Registration - 2005","Kanye West",2005-08-30,245866,68,TRUE,"bobrossthelegend",2026-02-16 17:28:55,"rap","Roc-A-Fella",0.723,0.465,3,-6.454,0,0.0952,0.259,2.7e-05,0.108,0.513,97.702,4,"Kanye West",200105.666666667,57.5714285714286,1,0.595619047619048,0.63647619047619,-7.8592380952381,0.3764,0.18024619047619,0.00218663333333333,0.200980952380952,0.520904761904762,97.7745238095238
"34","spotify:track:25K9cWrxNv991UYiOzBJqR","Bring Me Down","Late Registration - 2005","Kanye West",2005-08-30,198973,55,TRUE,"bobrossthelegend",2026-02-16 17:28:55,"rap,r&b","Roc-A-Fella",0.385,0.691,6,-6.919,0,0.0924,0.00592,0,0.595,0.352,111.278,5,"Kanye West",200105.666666667,57.5714285714286,1,0.595619047619048,0.63647619047619,-7.8592380952381,0.3764,0.18024619047619,0.00218663333333333,0.200980952380952,0.520904761904762,97.7745238095238
"35","spotify:track:5VzeI5JM2y9t21JwrWAnkH","Addiction","Late Registration - 2005","Kanye West",2005-08-30,267066,62,TRUE,"bobrossthelegend",2026-02-16 17:28:55,"rap","Roc-A-Fella",0.504,0.756,1,-8.318,0,0.185,0.184,0,0.252,0.55,115.264,4,"Kanye West",200105.666666667,57.5714285714286,1,0.595619047619048,0.63647619047619,-7.8592380952381,0.3764,0.18024619047619,0.00218663333333333,0.200980952380952,0.520904761904762,97.7745238095238
"36","spotify:track:34KUIBsIUiPV7oCIzSdDAU","Diamonds From Sierra Leone - Remix","Late Registration - 2005","Kanye West",2005-08-30,233400,63,TRUE,"bobrossthelegend",2026-02-16 17:28:55,"rap,hip hop,east coast hip hop","Roc-A-Fella",0.672,0.814,7,-3.768,1,0.27,0.258,0,0.164,0.379,97.043,4,"Kanye West",200105.666666667,57.5714285714286,1,0.595619047619048,0.63647619047619,-7.8592380952381,0.3764,0.18024619047619,0.00218663333333333,0.200980952380952,0.520904761904762,97.7745238095238
"37","spotify:track:46fk9wjYcPm0sgym2b7EEE","We Major","Late Registration - 2005","Kanye West",2005-08-30,448000,65,TRUE,"bobrossthelegend",2026-02-16 17:28:55,"rap,old school hip hop,east coast hip hop,hip hop","Roc-A-Fella",0.234,0.88,11,-3.66,0,0.123,0.0107,0,0.045,0.216,85.641,4,"Kanye West",200105.666666667,57.5714285714286,1,0.595619047619048,0.63647619047619,-7.8592380952381,0.3764,0.18024619047619,0.00218663333333333,0.200980952380952,0.520904761904762,97.7745238095238
"38","spotify:track:46OFHBw45fNi7QNjSetITR","Hey Mama","Late Registration - 2005","Kanye West",2005-08-30,305066,63,TRUE,"bobrossthelegend",2026-02-16 17:28:55,"rap","Roc-A-Fella",0.583,0.754,7,-6.993,1,0.223,0.0593,0,0.113,0.347,95.784,4,"Kanye West",200105.666666667,57.5714285714286,1,0.595619047619048,0.63647619047619,-7.8592380952381,0.3764,0.18024619047619,0.00218663333333333,0.200980952380952,0.520904761904762,97.7745238095238
"39","spotify:track:7jAxGkXU58FwNMjqoMahn7","Celebration","Late Registration - 2005","Kanye West",2005-08-30,198440,56,TRUE,"bobrossthelegend",2026-02-16 17:28:55,"rap","Roc-A-Fella",0.295,0.776,10,-4.199,1,0.213,0.0164,1.41e-06,0.118,0.35,79.992,4,"Kanye West",200105.666666667,57.5714285714286,1,0.595619047619048,0.63647619047619,-7.8592380952381,0.3764,0.18024619047619,0.00218663333333333,0.200980952380952,0.520904761904762,97.7745238095238
"40","spotify:track:5RjbFGeWVsCpw8EcE8OrvZ","Gone","Late Registration - 2005","Kanye West",2005-08-30,333293,58,TRUE,"bobrossthelegend",2026-02-16 17:28:55,"rap,east coast hip hop","Roc-A-Fella",0.842,0.668,1,-6.043,1,0.26,0.015,0,0.0699,0.345,92.703,4,"Kanye West",200105.666666667,57.5714285714286,1,0.595619047619048,0.63647619047619,-7.8592380952381,0.3764,0.18024619047619,0.00218663333333333,0.200980952380952,0.520904761904762,97.7745238095238
"41","spotify:track:4R5bSS8yoCl2czeWLr61aO","Diamonds From Sierra Leone - Bonus Track","Late Registration - 2005","Kanye West",2005-08-30,238400,61,TRUE,"bobrossthelegend",2026-02-16 17:28:55,"rap","Roc-A-Fella",0.435,0.846,7,-3.458,1,0.263,0.148,0,0.306,0.57,100.771,4,"Kanye West",200105.666666667,57.5714285714286,1,0.595619047619048,0.63647619047619,-7.8592380952381,0.3764,0.18024619047619,0.00218663333333333,0.200980952380952,0.520904761904762,97.7745238095238
"42","spotify:track:1mFHMzbaECWFaPfoePoEYl","Late","Late Registration - 2005","Kanye West",2005-08-30,230493,62,TRUE,"bobrossthelegend",2026-02-16 17:28:55,"rap","Roc-A-Fella",0.334,0.843,10,-5.928,0,0.173,0.197,3.95e-06,0.295,0.616,75.281,4,"Kanye West",200105.666666667,57.5714285714286,1,0.595619047619048,0.63647619047619,-7.8592380952381,0.3764,0.18024619047619,0.00218663333333333,0.200980952380952,0.520904761904762,97.7745238095238
"43","spotify:track:6MXXY2eiWkpDCezVCc0cMH","Good Morning","Graduation - 2007","Kanye West",2007-09-11,195093,73,TRUE,"bobrossthelegend",2026-02-16 17:28:58,"rap","Roc-A-Fella",0.48,0.631,7,-5.488,1,0.116,0.0791,0.000105,0.149,0.515,84.166,4,"Kanye West",233518.714285714,74.2142857142857,1,0.576857142857143,0.622857142857143,-7.31321428571429,0.187971428571429,0.11681,4.01935714285714e-05,0.299228571428571,0.520642857142857,100.092642857143
"44","spotify:track:4UQMOPSUVJVicIQzjAcRRZ","Champion","Graduation - 2007","Kanye West",2007-09-11,167600,74,TRUE,"bobrossthelegend",2026-02-16 17:28:58,"rap","Roc-A-Fella",0.705,0.504,6,-8.307,1,0.226,0.00299,0,0.695,0.727,102.006,4,"Kanye West",233518.714285714,74.2142857142857,1,0.576857142857143,0.622857142857143,-7.31321428571429,0.187971428571429,0.11681,4.01935714285714e-05,0.299228571428571,0.520642857142857,100.092642857143
"45","spotify:track:0j2T0R9dR9qdJYsB7ciXhf","Stronger","Graduation - 2007","Kanye West",2007-09-11,311866,84,TRUE,"bobrossthelegend",2026-02-16 17:28:58,"rap","Roc-A-Fella",0.617,0.716,1,-7.858,1,0.136,0.0056,0,0.408,0.496,104.014,4,"Kanye West",233518.714285714,74.2142857142857,1,0.576857142857143,0.622857142857143,-7.31321428571429,0.187971428571429,0.11681,4.01935714285714e-05,0.299228571428571,0.520642857142857,100.092642857143
"46","spotify:track:7rbECVPkY5UODxoOUVKZnA","I Wonder","Graduation - 2007","Kanye West",2007-09-11,243440,83,TRUE,"bobrossthelegend",2026-02-16 17:28:58,"rap","Roc-A-Fella",0.542,0.466,0,-8.668,1,0.0824,0.141,0.000444,0.125,0.127,191.386,4,"Kanye West",233518.714285714,74.2142857142857,1,0.576857142857143,0.622857142857143,-7.31321428571429,0.187971428571429,0.11681,4.01935714285714e-05,0.299228571428571,0.520642857142857,100.092642857143
"47","spotify:track:4ZPdLEztrlZqbJkgHNw54L","Good Life","Graduation - 2007","Kanye West",2007-09-11,207000,76,TRUE,"bobrossthelegend",2026-02-16 17:28:58,"rap","Roc-A-Fella",0.439,0.808,1,-6.881,1,0.346,0.00305,0,0.439,0.486,82.962,4,"Kanye West",233518.714285714,74.2142857142857,1,0.576857142857143,0.622857142857143,-7.31321428571429,0.187971428571429,0.11681,4.01935714285714e-05,0.299228571428571,0.520642857142857,100.092642857143
"48","spotify:track:0mEdbdeRFQwBhN4xfyIeUM","Can't Tell Me Nothing","Graduation - 2007","Kanye West",2007-09-11,271600,84,TRUE,"bobrossthelegend",2026-02-16 17:28:58,"rap","Roc-A-Fella",0.587,0.62,5,-6.133,0,0.042,0.0122,0,0.82,0.106,79.928,4,"Kanye West",233518.714285714,74.2142857142857,1,0.576857142857143,0.622857142857143,-7.31321428571429,0.187971428571429,0.11681,4.01935714285714e-05,0.299228571428571,0.520642857142857,100.092642857143
"49","spotify:track:7387VaiHpOsSIZ5nmjseya","Barry Bonds","Graduation - 2007","Kanye West",2007-09-11,204306,63,TRUE,"bobrossthelegend",2026-02-16 17:28:58,"rap,hip hop","Roc-A-Fella",0.48,0.624,1,-6.131,1,0.382,0.0442,0,0.337,0.713,164.996,4,"Kanye West",233518.714285714,74.2142857142857,1,0.576857142857143,0.622857142857143,-7.31321428571429,0.187971428571429,0.11681,4.01935714285714e-05,0.299228571428571,0.520642857142857,100.092642857143
"50","spotify:track:7DRuzSlhjKadgdsQRYZ0tr","Drunk and Hot Girls","Graduation - 2007","Kanye West",2007-09-11,313226,62,TRUE,"bobrossthelegend",2026-02-16 17:28:58,"rap,east coast hip hop,old school hip hop,hip hop","Roc-A-Fella",0.661,0.442,10,-7.298,0,0.0284,0.0696,1.21e-05,0.136,0.306,82.771,3,"Kanye West",233518.714285714,74.2142857142857,1,0.576857142857143,0.622857142857143,-7.31321428571429,0.187971428571429,0.11681,4.01935714285714e-05,0.299228571428571,0.520642857142857,100.092642857143
"51","spotify:track:5TRPicyLGbAF2LGBFbHGvO","Flashing Lights","Graduation - 2007","Kanye West",2007-09-11,237506,88,TRUE,"bobrossthelegend",2026-02-16 17:28:58,"rap,neo soul","Roc-A-Fella",0.639,0.628,6,-7.578,0,0.0398,0.0381,0,0.386,0.43,90.482,4,"Kanye West",233518.714285714,74.2142857142857,1,0.576857142857143,0.622857142857143,-7.31321428571429,0.187971428571429,0.11681,4.01935714285714e-05,0.299228571428571,0.520642857142857,100.092642857143
"52","spotify:track:0NrtwAmRAdLxua31SzHvXr","Everything I Am","Graduation - 2007","Kanye West",2007-09-11,227893,75,TRUE,"bobrossthelegend",2026-02-16 17:28:58,"rap,east coast hip hop","Roc-A-Fella",0.631,0.623,8,-6.971,1,0.264,0.466,1.61e-06,0.151,0.765,80.23,4,"Kanye West",233518.714285714,74.2142857142857,1,0.576857142857143,0.622857142857143,-7.31321428571429,0.187971428571429,0.11681,4.01935714285714e-05,0.299228571428571,0.520642857142857,100.092642857143
"53","spotify:track:0lWjRSzq5chA9fps3pM8Zr","The Glory","Graduation - 2007","Kanye West",2007-09-11,212706,67,TRUE,"bobrossthelegend",2026-02-16 17:28:58,"rap","Roc-A-Fella",0.423,0.643,6,-7.261,1,0.287,0.0455,0,0.172,0.708,84.334,4,"Kanye West",233518.714285714,74.2142857142857,1,0.576857142857143,0.622857142857143,-7.31321428571429,0.187971428571429,0.11681,4.01935714285714e-05,0.299228571428571,0.520642857142857,100.092642857143
"54","spotify:track:4iz9lGMjU1lXS51oPmUmTe","Homecoming","Graduation - 2007","Kanye West",2007-09-11,203493,83,TRUE,"bobrossthelegend",2026-02-16 17:28:58,"rap","Roc-A-Fella",0.67,0.747,1,-7.059,1,0.189,0.337,0,0.115,0.918,86.918,4,"Kanye West",233518.714285714,74.2142857142857,1,0.576857142857143,0.622857142857143,-7.31321428571429,0.187971428571429,0.11681,4.01935714285714e-05,0.299228571428571,0.520642857142857,100.092642857143
"55","spotify:track:2L47m9erkB5KBZcaqWtYen","Big Brother","Graduation - 2007","Kanye West",2007-09-11,287560,64,TRUE,"bobrossthelegend",2026-02-16 17:28:58,"rap","Roc-A-Fella",0.506,0.742,11,-6.248,0,0.264,0.213,0,0.0642,0.301,78.173,4,"Kanye West",233518.714285714,74.2142857142857,1,0.576857142857143,0.622857142857143,-7.31321428571429,0.187971428571429,0.11681,4.01935714285714e-05,0.299228571428571,0.520642857142857,100.092642857143
"56","spotify:track:3bhyo2ED5Yd4RLydQBDtD6","Good Night","Graduation - 2007","Kanye West",2007-09-11,185973,63,TRUE,"bobrossthelegend",2026-02-16 17:28:58,"rap,east coast hip hop,old school hip hop,hip hop,spoken word","Roc-A-Fella",0.696,0.526,11,-10.504,0,0.229,0.178,0,0.192,0.691,88.931,4,"Kanye West",233518.714285714,74.2142857142857,1,0.576857142857143,0.622857142857143,-7.31321428571429,0.187971428571429,0.11681,4.01935714285714e-05,0.299228571428571,0.520642857142857,100.092642857143
"57","spotify:track:5e5MKPtJuFb8NaeSEyV5gD","Say You Will","808s & Heartbreak - 2008","Kanye West",2008-02-04,377600,57,FALSE,"bobrossthelegend",2026-02-16 17:29:01,"rap","Roc-A-Fella",0.603,0.401,0,-10.155,0,0.0306,0.542,0.225,0.103,0.347,172.633,4,"Kanye West",260430.833333333,61.5,0,0.656166666666667,0.480916666666667,-9.3165,0.057975,0.206191666666667,0.148945125833333,0.22945,0.350908333333333,119.7015
"58","spotify:track:3F18I7LhWKxlf1PytSoTBH","Welcome To Heartbreak","808s & Heartbreak - 2008","Kanye West",2008-02-04,262933,61,FALSE,"bobrossthelegend",2026-02-16 17:29:01,"rap","Roc-A-Fella",0.677,0.435,7,-11.024,0,0.033,0.0985,0.721,0.111,0.0729,95.991,4,"Kanye West",260430.833333333,61.5,0,0.656166666666667,0.480916666666667,-9.3165,0.057975,0.206191666666667,0.148945125833333,0.22945,0.350908333333333,119.7015
"59","spotify:track:4EWCNWgDS8707fNSZ1oaA5","Heartless","808s & Heartbreak - 2008","Kanye West",2008-02-04,211000,86,FALSE,"bobrossthelegend",2026-02-16 17:29:01,"rap","Roc-A-Fella",0.79,0.647,10,-5.983,0,0.136,0.0515,0,0.248,0.654,87.999,4,"Kanye West",260430.833333333,61.5,0,0.656166666666667,0.480916666666667,-9.3165,0.057975,0.206191666666667,0.148945125833333,0.22945,0.350908333333333,119.7015
"60","spotify:track:0m3Ze0cy8qBHSsV2exAfCw","Amazing","808s & Heartbreak - 2008","Kanye West",2008-02-04,238333,66,FALSE,"bobrossthelegend",2026-02-16 17:29:01,"rap,southern hip hop,crunk,gangster rap","Roc-A-Fella",0.588,0.554,8,-8.406,1,0.0545,0.216,0.118,0.0619,0.496,146.133,4,"Kanye West",260430.833333333,61.5,0,0.656166666666667,0.480916666666667,-9.3165,0.057975,0.206191666666667,0.148945125833333,0.22945,0.350908333333333,119.7015
"61","spotify:track:1kxeWHF9PrCVZHvVskv8lg","Love Lockdown","808s & Heartbreak - 2008","Kanye West",2008-02-04,270306,66,FALSE,"bobrossthelegend",2026-02-16 17:29:01,"rap","Roc-A-Fella",0.76,0.524,1,-7.67,0,0.0323,0.0542,0.5,0.112,0.112,119.603,4,"Kanye West",260430.833333333,61.5,0,0.656166666666667,0.480916666666667,-9.3165,0.057975,0.206191666666667,0.148945125833333,0.22945,0.350908333333333,119.7015
"62","spotify:track:0w2piYWj1F2bzUftzGJgK9","Paranoid","808s & Heartbreak - 2008","Kanye West",2008-02-04,277906,65,FALSE,"bobrossthelegend",2026-02-16 17:29:01,"rap","Roc-A-Fella",0.587,0.611,6,-7.408,1,0.106,0.114,9.83e-05,0.0765,0.464,114.991,4,"Kanye West",260430.833333333,61.5,0,0.656166666666667,0.480916666666667,-9.3165,0.057975,0.206191666666667,0.148945125833333,0.22945,0.350908333333333,119.7015
"63","spotify:track:02LAK7qT1wya0klSeNO96f","RoboCop","808s & Heartbreak - 2008","Kanye West",2008-02-04,274360,56,FALSE,"bobrossthelegend",2026-02-16 17:29:01,"rap","Roc-A-Fella",0.698,0.447,5,-8.04,0,0.102,0.157,0.00564,0.405,0.407,133.776,4,"Kanye West",260430.833333333,61.5,0,0.656166666666667,0.480916666666667,-9.3165,0.057975,0.206191666666667,0.148945125833333,0.22945,0.350908333333333,119.7015
"64","spotify:track:6j8gTlbhj9KJSeypNcNAS9","Street Lights","808s & Heartbreak - 2008","Kanye West",2008-02-04,189906,63,FALSE,"bobrossthelegend",2026-02-16 17:29:01,"rap","Roc-A-Fella",0.644,0.487,6,-9.654,1,0.034,0.0287,0.0166,0.206,0.467,125.528,4,"Kanye West",260430.833333333,61.5,0,0.656166666666667,0.480916666666667,-9.3165,0.057975,0.206191666666667,0.148945125833333,0.22945,0.350908333333333,119.7015
"65","spotify:track:1nNPoG2hygEvrFGlHdhvJ9","Bad News","808s & Heartbreak - 2008","Kanye West",2008-02-04,238773,56,FALSE,"bobrossthelegend",2026-02-16 17:29:01,"rap","Roc-A-Fella",0.749,0.436,9,-11.99,1,0.0393,0.0288,0.201,0.114,0.167,106.171,4,"Kanye West",260430.833333333,61.5,0,0.656166666666667,0.480916666666667,-9.3165,0.057975,0.206191666666667,0.148945125833333,0.22945,0.350908333333333,119.7015
"66","spotify:track:5zuoz1NBnpoHK6g5sbEH8F","See You In My Nightmares","808s & Heartbreak - 2008","Kanye West",2008-02-04,258120,56,FALSE,"bobrossthelegend",2026-02-16 17:29:01,"rap,hip hop","Roc-A-Fella",0.676,0.432,7,-8.035,0,0.0339,0.0626,0,0.103,0.156,124.597,4,"Kanye West",260430.833333333,61.5,0,0.656166666666667,0.480916666666667,-9.3165,0.057975,0.206191666666667,0.148945125833333,0.22945,0.350908333333333,119.7015
"67","spotify:track:2RRFTLIglxHgAYQzsSLI4Y","Coldest Winter","808s & Heartbreak - 2008","Kanye West",2008-02-04,164333,58,FALSE,"bobrossthelegend",2026-02-16 17:29:01,"rap","Roc-A-Fella",0.761,0.516,0,-10.229,1,0.044,0.171,3.21e-06,0.265,0.562,133.999,4,"Kanye West",260430.833333333,61.5,0,0.656166666666667,0.480916666666667,-9.3165,0.057975,0.206191666666667,0.148945125833333,0.22945,0.350908333333333,119.7015
"68","spotify:track:6giHsGo1eSYZSXKdNwTC62","Pinocchio Story","808s & Heartbreak - 2008","Kanye West",2008-02-04,361600,48,FALSE,"bobrossthelegend",2026-02-16 17:29:01,"rap","Roc-A-Fella",0.341,0.281,10,-13.204,0,0.0501,0.95,0,0.948,0.306,74.997,4,"Kanye West",260430.833333333,61.5,0,0.656166666666667,0.480916666666667,-9.3165,0.057975,0.206191666666667,0.148945125833333,0.22945,0.350908333333333,119.7015
"69","spotify:track:1jIfaHx4jUl1mqdig9wUra","No Church In The Wild","Watch The Throne - 2011","Kanye West",2011-05-06,272508,53,TRUE,"bobrossthelegend",2026-02-16 17:32:14,"hip hop,east coast hip hop,rap,r&b","Roc Nation/RocAFella/IDJ",0.676,0.726,8,-8.261,0,0.0928,0.269,0.0238,0.136,0.569,92.804,4,"Kanye West",243084.625,48,1,0.6316875,0.721625,-6.2463125,0.1917875,0.15969375,0.001780901875,0.2920625,0.41255,112.96925
"70","spotify:track:2tS99DuyfPPJLBVeD8iAuV","Lift Off","Watch The Throne - 2011","Kanye West",2011-05-06,266248,45,TRUE,"bobrossthelegend",2026-02-16 17:32:14,"hip hop,east coast hip hop,rap","Roc Nation/RocAFella/IDJ",0.548,0.762,2,-8.028,0,0.0687,0.169,0.00227,0.348,0.257,89.307,3,"Kanye West",243084.625,48,1,0.6316875,0.721625,-6.2463125,0.1917875,0.15969375,0.001780901875,0.2920625,0.41255,112.96925
"71","spotify:track:0Bh5fftQH3Nnr5sH3I9G5o","Ni**as In Paris","Watch The Throne - 2011","Kanye West",2011-05-06,219322,52,TRUE,"bobrossthelegend",2026-02-16 17:32:14,"hip hop,east coast hip hop,rap","Roc Nation/RocAFella/IDJ",0.791,0.857,1,-5.835,1,0.301,0.117,0,0.198,0.737,140.092,4,"Kanye West",243084.625,48,1,0.6316875,0.721625,-6.2463125,0.1917875,0.15969375,0.001780901875,0.2920625,0.41255,112.96925
"72","spotify:track:4KyMZxbMbrSPHwMczzgxqQ","Otis","Watch The Throne - 2011","Kanye West",2011-05-06,178224,50,TRUE,"bobrossthelegend",2026-02-16 17:32:14,"hip hop,east coast hip hop,rap,motown,soul,classic soul,soul blues","Roc Nation/RocAFella/IDJ",0.751,0.658,7,-4.666,0,0.293,0.487,0,0.549,0.434,94.584,4,"Kanye West",243084.625,48,1,0.6316875,0.721625,-6.2463125,0.1917875,0.15969375,0.001780901875,0.2920625,0.41255,112.96925
"73","spotify:track:36mTP2gYrZ13YzytQ5p0QW","Gotta Have It","Watch The Throne - 2011","Kanye West",2011-05-06,140746,48,TRUE,"bobrossthelegend",2026-02-16 17:32:14,"hip hop,east coast hip hop,rap","Roc Nation/RocAFella/IDJ",0.74,0.481,7,-7.381,1,0.167,0.36,0,0.203,0.356,149.786,4,"Kanye West",243084.625,48,1,0.6316875,0.721625,-6.2463125,0.1917875,0.15969375,0.001780901875,0.2920625,0.41255,112.96925
"74","spotify:track:0q9GhLUyqu6wCgl1d1S7hO","New Day","Watch The Throne - 2011","Kanye West",2011-05-06,272853,45,TRUE,"bobrossthelegend",2026-02-16 17:32:14,"hip hop,east coast hip hop,rap","Roc Nation/RocAFella/IDJ",0.56,0.631,10,-7.324,0,0.0781,0.363,0.000102,0.179,0.352,90.912,4,"Kanye West",243084.625,48,1,0.6316875,0.721625,-6.2463125,0.1917875,0.15969375,0.001780901875,0.2920625,0.41255,112.96925
"75","spotify:track:07CRJ8rXcaaqtboD6QXGur","That's My Bitch","Watch The Throne - 2011","Kanye West",2011-05-06,202565,45,TRUE,"bobrossthelegend",2026-02-16 17:32:14,"hip hop,east coast hip hop,rap","Roc Nation/RocAFella/IDJ",0.766,0.866,4,-6.645,0,0.118,0.123,0.00195,0.121,0.494,109.1,4,"Kanye West",243084.625,48,1,0.6316875,0.721625,-6.2463125,0.1917875,0.15969375,0.001780901875,0.2920625,0.41255,112.96925
"76","spotify:track:5oXniOwyoZL3XB1C4xuiU1","Welcome To The Jungle","Watch The Throne - 2011","Kanye West",2011-05-06,174127,42,TRUE,"bobrossthelegend",2026-02-16 17:32:14,"hip hop,east coast hip hop,rap","Roc Nation/RocAFella/IDJ",0.657,0.901,7,-6.73,1,0.366,0.0156,3.33e-06,0.175,0.337,92.985,4,"Kanye West",243084.625,48,1,0.6316875,0.721625,-6.2463125,0.1917875,0.15969375,0.001780901875,0.2920625,0.41255,112.96925
"77","spotify:track:5vqGzocoPjRQLsnL7UBOpE","Who Gon Stop Me","Watch The Throne - 2011","Kanye West",2011-05-06,256696,45,TRUE,"bobrossthelegend",2026-02-16 17:32:14,"hip hop,east coast hip hop,rap","Roc Nation/RocAFella/IDJ",0.598,0.77,0,-3.926,0,0.187,0.0539,0.000255,0.694,0.362,134.074,4,"Kanye West",243084.625,48,1,0.6316875,0.721625,-6.2463125,0.1917875,0.15969375,0.001780901875,0.2920625,0.41255,112.96925
"78","spotify:track:5y55cugikYzqJeZfVBqDeB","Murder To Excellence","Watch The Throne - 2011","Kanye West",2011-05-06,300968,44,TRUE,"bobrossthelegend",2026-02-16 17:32:14,"hip hop,east coast hip hop,rap","Roc Nation/RocAFella/IDJ",0.404,0.845,1,-4.311,1,0.431,0.0454,0,0.137,0.612,84.454,4,"Kanye West",243084.625,48,1,0.6316875,0.721625,-6.2463125,0.1917875,0.15969375,0.001780901875,0.2920625,0.41255,112.96925
"79","spotify:track:57CdogxwhzdHhqjj0115He","Made In America","Watch The Throne - 2011","Kanye West",2011-05-06,292066,43,TRUE,"bobrossthelegend",2026-02-16 17:32:14,"hip hop,east coast hip hop,rap","Roc Nation/RocAFella/IDJ",0.703,0.727,11,-7.43,0,0.183,0.0357,5.62e-05,0.213,0.569,165.902,4,"Kanye West",243084.625,48,1,0.6316875,0.721625,-6.2463125,0.1917875,0.15969375,0.001780901875,0.2920625,0.41255,112.96925
"80","spotify:track:1xUGUTWQNqQzYOX1mkAlFw","Why I Love You","Watch The Throne - 2011","Kanye West",2011-05-06,199205,47,TRUE,"bobrossthelegend",2026-02-16 17:32:14,"hip hop,east coast hip hop,rap","Roc Nation/RocAFella/IDJ",0.592,0.796,5,-4.41,1,0.0394,0.0351,0,0.254,0.387,125.03,4,"Kanye West",243084.625,48,1,0.6316875,0.721625,-6.2463125,0.1917875,0.15969375,0.001780901875,0.2920625,0.41255,112.96925
"81","spotify:track:7t259tTXkuNVfxdQcnEagh","Illest Motherf***** Alive","Watch The Throne - 2011","Kanye West",2011-05-06,323260,48,TRUE,"bobrossthelegend",2026-02-16 17:32:14,"hip hop,east coast hip hop,rap","Roc Nation/RocAFella/IDJ",0.562,0.633,11,-7.076,1,0.0715,0.162,0,0.654,0.279,139.91,4,"Kanye West",243084.625,48,1,0.6316875,0.721625,-6.2463125,0.1917875,0.15969375,0.001780901875,0.2920625,0.41255,112.96925
"82","spotify:track:64rnghzDMy4cAEMZhSOp9h","H•A•M","Watch The Throne - 2011","Kanye West",2011-05-06,275733,55,TRUE,"bobrossthelegend",2026-02-16 17:32:14,"rap,hip hop,east coast hip hop","Roc Nation/RocAFella/IDJ",0.63,0.521,8,-5.515,1,0.0581,0.0324,0,0.349,0.0378,140.062,4,"Kanye West",243084.625,48,1,0.6316875,0.721625,-6.2463125,0.1917875,0.15969375,0.001780901875,0.2920625,0.41255,112.96925
"83","spotify:track:4WQrG3ke074wTes10aLPBT","Primetime","Watch The Throne - 2011","Kanye West",2011-05-06,199240,57,TRUE,"bobrossthelegend",2026-02-16 17:32:14,"hip hop,east coast hip hop,rap","Roc Nation/RocAFella/IDJ",0.675,0.901,4,-5.018,0,0.19,0.16,1.91e-05,0.317,0.502,84.984,4,"Kanye West",243084.625,48,1,0.6316875,0.721625,-6.2463125,0.1917875,0.15969375,0.001780901875,0.2920625,0.41255,112.96925
"84","spotify:track:6SaPAcPPnp0Wq3IUxcwHNe","The Joy","Watch The Throne - 2011","Kanye West",2011-05-06,315593,49,TRUE,"bobrossthelegend",2026-02-16 17:32:14,"hip hop,east coast hip hop,rap,classic soul,soul,funk,motown","Roc Nation/RocAFella/IDJ",0.454,0.471,7,-7.385,1,0.424,0.127,3.88e-05,0.146,0.316,73.522,4,"Kanye West",243084.625,48,1,0.6316875,0.721625,-6.2463125,0.1917875,0.15969375,0.001780901875,0.2920625,0.41255,112.96925
"85","spotify:track:1gqkRc9WtOpnGIqxf2Hvzr","On Sight","Yeezus - 2013","Kanye West",2013-06-18,156480,73,TRUE,"bobrossthelegend",2026-02-16 17:34:08,"rap","Rock The World/IDJ/Kanye/LP6",0.605,0.469,9,-3.182,0,0.327,0.487,0,0.28,0.515,101.601,4,"Kanye West",240462.3,65.8,1,0.5151,0.5891,-5.4181,0.18007,0.18412,8.9628e-05,0.15158,0.3608,131.4473
"86","spotify:track:722tgOgdIbNe3BEyLnejw4","Black Skinhead","Yeezus - 2013","Kanye West",2013-06-18,188013,73,TRUE,"bobrossthelegend",2026-02-16 17:34:08,"rap","Rock The World/IDJ/Kanye/LP6",0.766,0.809,1,-6.123,1,0.279,0.0011,0,0.168,0.325,130.127,4,"Kanye West",240462.3,65.8,1,0.5151,0.5891,-5.4181,0.18007,0.18412,8.9628e-05,0.15158,0.3608,131.4473
"87","spotify:track:0HMCdlOPJkAGlB0MlSWIcO","I Am A God","Yeezus - 2013","Kanye West",2013-06-18,231506,60,TRUE,"bobrossthelegend",2026-02-16 17:34:08,"rap","Rock The World/IDJ/Kanye/LP6",0.51,0.532,4,-7.405,0,0.0715,0.0367,0.000794,0.165,0.305,111.885,4,"Kanye West",240462.3,65.8,1,0.5151,0.5891,-5.4181,0.18007,0.18412,8.9628e-05,0.15158,0.3608,131.4473
"88","spotify:track:4cAgkb0ifwn0FSHGXnr4F6","New Slaves","Yeezus - 2013","Kanye West",2013-06-18,256093,66,TRUE,"bobrossthelegend",2026-02-16 17:34:08,"rap","Rock The World/IDJ/Kanye/LP6",0.506,0.59,1,-4.322,1,0.076,0.165,1.09e-05,0.096,0.359,141.099,4,"Kanye West",240462.3,65.8,1,0.5151,0.5891,-5.4181,0.18007,0.18412,8.9628e-05,0.15158,0.3608,131.4473
"89","spotify:track:5nIu0VwPOsjkF61zfevLKh","Hold My Liquor","Yeezus - 2013","Kanye West",2013-06-18,326946,65,TRUE,"bobrossthelegend",2026-02-16 17:34:08,"rap","Rock The World/IDJ/Kanye/LP6",0.497,0.322,8,-10.358,1,0.0333,0.0194,7.72e-06,0.115,0.04,106.976,4,"Kanye West",240462.3,65.8,1,0.5151,0.5891,-5.4181,0.18007,0.18412,8.9628e-05,0.15158,0.3608,131.4473
"90","spotify:track:52NmkyHsGsHGb1UX8fTkMg","I'm In It","Yeezus - 2013","Kanye West",2013-06-18,234853,57,TRUE,"bobrossthelegend",2026-02-16 17:34:08,"rap","Rock The World/IDJ/Kanye/LP6",0.485,0.604,1,-4.591,1,0.345,0.141,0,0.0668,0.45,170.337,4,"Kanye West",240462.3,65.8,1,0.5151,0.5891,-5.4181,0.18007,0.18412,8.9628e-05,0.15158,0.3608,131.4473
"91","spotify:track:42GcjriRK6srwHkfbkBqVl","Blood On The Leaves","Yeezus - 2013","Kanye West",2013-06-18,359800,64,TRUE,"bobrossthelegend",2026-02-16 17:34:08,"rap","Rock The World/IDJ/Kanye/LP6",0.397,0.69,2,-4.108,0,0.195,0.395,0,0.101,0.36,172.073,4,"Kanye West",240462.3,65.8,1,0.5151,0.5891,-5.4181,0.18007,0.18412,8.9628e-05,0.15158,0.3608,131.4473
"92","spotify:track:5nPOM0nFRAJ3XI8xCxNAzO","Guilt Trip","Yeezus - 2013","Kanye West",2013-06-18,243746,61,TRUE,"bobrossthelegend",2026-02-16 17:34:08,"rap","Rock The World/IDJ/Kanye/LP6",0.439,0.666,4,-6.078,0,0.0754,0.159,9.56e-06,0.129,0.579,137.9,4,"Kanye West",240462.3,65.8,1,0.5151,0.5891,-5.4181,0.18007,0.18412,8.9628e-05,0.15158,0.3608,131.4473
"93","spotify:track:3RKblQNJs8HPvWBgXmq6nn","Send It Up","Yeezus - 2013","Kanye West",2013-06-18,178040,56,TRUE,"bobrossthelegend",2026-02-16 17:34:08,"rap","Rock The World/IDJ/Kanye/LP6",0.579,0.544,9,-5.193,1,0.352,0.292,7.41e-05,0.282,0.365,93.562,4,"Kanye West",240462.3,65.8,1,0.5151,0.5891,-5.4181,0.18007,0.18412,8.9628e-05,0.15158,0.3608,131.4473
"94","spotify:track:3sNVsP50132BTNlImLx70i","Bound 2","Yeezus - 2013","Kanye West",2013-06-18,229146,83,TRUE,"bobrossthelegend",2026-02-16 17:34:08,"rap","Rock The World/IDJ/Kanye/LP6",0.367,0.665,1,-2.821,1,0.0465,0.145,0,0.113,0.31,148.913,4,"Kanye West",240462.3,65.8,1,0.5151,0.5891,-5.4181,0.18007,0.18412,8.9628e-05,0.15158,0.3608,131.4473
"95","spotify:track:1eQBEelI2NCy7AUTerX0KS","Ultralight Beam","The Life of Pablo - 2016","Kanye West",2016-06-10,320680,67,TRUE,"bobrossthelegend",2026-02-16 17:35:07,"rap","Rock The World/IDJ/Kanye LP7",0.592,0.403,0,-8.768,0,0.414,0.62,0,0.54,0.391,105.169,4,"Kanye West",198003.85,63.65,1,0.621,0.59085,-6.0367,0.27398,0.341461,0.0001161165,0.23974,0.410605,116.1468
"96","spotify:track:4KW1lqgSr8TKrvBII0Brf8","Father Stretch My Hands Pt. 1","The Life of Pablo - 2016","Kanye West",2016-06-10,135920,80,TRUE,"bobrossthelegend",2026-02-16 17:35:07,"rap","Rock The World/IDJ/Kanye LP7",0.724,0.573,7,-4.113,1,0.0549,0.118,0,0.538,0.438,113.088,4,"Kanye West",198003.85,63.65,1,0.621,0.59085,-6.0367,0.27398,0.341461,0.0001161165,0.23974,0.410605,116.1468
"97","spotify:track:1Wsbr1d2BouNGk2q92mIj7","Pt. 2","The Life of Pablo - 2016","Kanye West",2016-06-10,130293,64,TRUE,"bobrossthelegend",2026-02-16 17:35:07,"rap","Rock The World/IDJ/Kanye LP7",0.674,0.752,11,-4.073,1,0.333,0.552,0,0.787,0.236,145.076,4,"Kanye West",198003.85,63.65,1,0.621,0.59085,-6.0367,0.27398,0.341461,0.0001161165,0.23974,0.410605,116.1468
"98","spotify:track:19a3JfW8BQwqHWUMbcqSx8","Famous","The Life of Pablo - 2016","Kanye West",2016-06-10,196040,72,TRUE,"bobrossthelegend",2026-02-16 17:35:07,"rap","Rock The World/IDJ/Kanye LP7",0.465,0.735,6,-3.715,1,0.117,0.0711,0,0.0975,0.409,173.935,4,"Kanye West",198003.85,63.65,1,0.621,0.59085,-6.0367,0.27398,0.341461,0.0001161165,0.23974,0.410605,116.1468
"99","spotify:track:49fT6owWuknekShh9utsjv","Feedback","The Life of Pablo - 2016","Kanye West",2016-06-10,147240,61,TRUE,"bobrossthelegend",2026-02-16 17:35:07,"rap","Rock The World/IDJ/Kanye LP7",0.811,0.566,8,-6.033,0,0.517,0.563,0,0.104,0.169,100.224,4,"Kanye West",198003.85,63.65,1,0.621,0.59085,-6.0367,0.27398,0.341461,0.0001161165,0.23974,0.410605,116.1468
"100","spotify:track:36o4taPyOdnOMf01ERmn9a","Low Lights","The Life of Pablo - 2016","Kanye West",2016-06-10,131773,55,TRUE,"bobrossthelegend",2026-02-16 17:35:07,"rap","Rock The World/IDJ/Kanye LP7",0.603,0.593,7,-4.685,1,0.109,0.706,0,0.121,0.523,101.956,4,"Kanye West",198003.85,63.65,1,0.621,0.59085,-6.0367,0.27398,0.341461,0.0001161165,0.23974,0.410605,116.1468
"101","spotify:track:4qYLPta5HZ36idWiXtqh7B","Highlights","The Life of Pablo - 2016","Kanye West",2016-06-10,199866,58,TRUE,"bobrossthelegend",2026-02-16 17:35:07,"rap","Rock The World/IDJ/Kanye LP7",0.547,0.626,2,-6.244,1,0.208,0.00572,0,0.313,0.346,101.971,4,"Kanye West",198003.85,63.65,1,0.621,0.59085,-6.0367,0.27398,0.341461,0.0001161165,0.23974,0.410605,116.1468
"102","spotify:track:6wfzokDylbrJzrJcpnBkcy","Freestyle 4","The Life of Pablo - 2016","Kanye West",2016-06-10,123386,56,TRUE,"bobrossthelegend",2026-02-16 17:35:07,"rap","Rock The World/IDJ/Kanye LP7",0.564,0.537,9,-8.381,0,0.095,0.0449,0,0.0907,0.459,126.036,4,"Kanye West",198003.85,63.65,1,0.621,0.59085,-6.0367,0.27398,0.341461,0.0001161165,0.23974,0.410605,116.1468
"103","spotify:track:3nAq2hCr1oWsIU54tS98pL","Waves","The Life of Pablo - 2016","Kanye West",2016-06-10,181573,70,TRUE,"bobrossthelegend",2026-02-16 17:35:07,"rap","Rock The World/IDJ/Kanye LP7",0.557,0.586,10,-4.57,1,0.0382,0.0528,7.33e-06,0.339,0.0681,96.091,4,"Kanye West",198003.85,63.65,1,0.621,0.59085,-6.0367,0.27398,0.341461,0.0001161165,0.23974,0.410605,116.1468
"104","spotify:track:30Zcjs7pgEkmJA1lEbGSWT","FML","The Life of Pablo - 2016","Kanye West",2016-06-10,236120,64,TRUE,"bobrossthelegend",2026-02-16 17:35:07,"rap","Rock The World/IDJ/Kanye LP7",0.527,0.415,5,-7.184,1,0.131,0.329,0,0.195,0.12,125.357,4,"Kanye West",198003.85,63.65,1,0.621,0.59085,-6.0367,0.27398,0.341461,0.0001161165,0.23974,0.410605,116.1468
"105","spotify:track:66Q3fAmSX5eHamgbKa9alP","Real Friends","The Life of Pablo - 2016","Kanye West",2016-06-10,251573,64,TRUE,"bobrossthelegend",2026-02-16 17:35:07,"rap","Rock The World/IDJ/Kanye LP7",0.441,0.744,6,-6.248,0,0.476,0.262,0.000382,0.138,0.124,81.396,4,"Kanye West",198003.85,63.65,1,0.621,0.59085,-6.0367,0.27398,0.341461,0.0001161165,0.23974,0.410605,116.1468
"106","spotify:track:432hUIl3ISDeytYW5XBQ5h","Wolves","The Life of Pablo - 2016","Kanye West",2016-06-10,301586,67,TRUE,"bobrossthelegend",2026-02-16 17:35:07,"rap","Rock The World/IDJ/Kanye LP7",0.395,0.392,1,-8.034,1,0.0925,0.219,0.00173,0.134,0.103,155.856,4,"Kanye West",198003.85,63.65,1,0.621,0.59085,-6.0367,0.27398,0.341461,0.0001161165,0.23974,0.410605,116.1468
"107","spotify:track:2CHmgtK8OCL28WtIK96u4N","30 Hours","The Life of Pablo - 2016","Kanye West",2016-06-10,323302,65,TRUE,"bobrossthelegend",2026-02-16 17:35:07,"rap","Rock The World/IDJ/Kanye LP7",0.823,0.813,7,-6.71,1,0.288,0.0359,0,0.0886,0.373,95.012,4,"Kanye West",198003.85,63.65,1,0.621,0.59085,-6.0367,0.27398,0.341461,0.0001161165,0.23974,0.410605,116.1468
"108","spotify:track:0zLClc0emc6qUeV1p5nc99","No More Parties In LA","The Life of Pablo - 2016","Kanye West",2016-06-10,374413,70,TRUE,"bobrossthelegend",2026-02-16 17:35:07,"rap","Rock The World/IDJ/Kanye LP7",0.508,0.921,5,-1.644,1,0.303,0.246,0,0.221,0.681,93.058,4,"Kanye West",198003.85,63.65,1,0.621,0.59085,-6.0367,0.27398,0.341461,0.0001161165,0.23974,0.410605,116.1468
"109","spotify:track:3MnbXlC1N7GdS9M8HzA6no","Facts (Charlie Heat Version)","The Life of Pablo - 2016","Kanye West",2016-06-10,200733,57,TRUE,"bobrossthelegend",2026-02-16 17:35:07,"rap","Rock The World/IDJ/Kanye LP7",0.777,0.662,1,-3.761,0,0.143,0.0518,0,0.168,0.4,142.059,4,"Kanye West",198003.85,63.65,1,0.621,0.59085,-6.0367,0.27398,0.341461,0.0001161165,0.23974,0.410605,116.1468
"110","spotify:track:3cCxoOgfi6hgt8MNteuiiD","Fade","The Life of Pablo - 2016","Kanye West",2016-06-10,193747,65,TRUE,"bobrossthelegend",2026-02-16 17:35:07,"rap","Rock The World/IDJ/Kanye LP7",0.752,0.765,9,-5.805,0,0.0908,0.118,0,0.31,0.309,105.998,4,"Kanye West",198003.85,63.65,1,0.621,0.59085,-6.0367,0.27398,0.341461,0.0001161165,0.23974,0.410605,116.1468
"111","spotify:track:1o0kWPueYo94LIjPYOE5Nf","Saint Pablo","The Life of Pablo - 2016","Kanye West",2016-06-10,372113,72,TRUE,"bobrossthelegend",2026-02-16 17:35:07,"rap","Rock The World/IDJ/Kanye LP7",0.461,0.772,2,-3.98,0,0.375,0.282,0,0.178,0.414,167.018,4,"Kanye West",198003.85,63.65,1,0.621,0.59085,-6.0367,0.27398,0.341461,0.0001161165,0.23974,0.410605,116.1468
"112","spotify:track:1v24T2ug4TlssYZvI3aL4O","Lust For Life","So Far Gone - 2009","Drake",2009-02-13,176179,71,TRUE,"bobrossthelegend",2026-02-16 17:29:32,"rap","Young Money/Cash Money Records",0.462,0.422,6,-10.381,1,0.175,0.939,0.0327,0.108,0.0853,87.364,4,"Drake",246539.444444444,60.3333333333333,1,0.553277777777778,0.654088888888889,-6.59333333333333,0.242383333333333,0.385865555555556,0.0674781761111111,0.234,0.40685,119.633666666667
"113","spotify:track:3XLSlQLJf3Ut0zvMUxnF1h","Houstatlantavegas","So Far Gone - 2009","Drake",2009-02-13,290791,70,TRUE,"bobrossthelegend",2026-02-16 17:29:32,"rap","Young Money/Cash Money Records",0.683,0.695,1,-6.798,0,0.0574,0.393,0.00124,0.124,0.406,135.337,4,"Drake",246539.444444444,60.3333333333333,1,0.553277777777778,0.654088888888889,-6.59333333333333,0.242383333333333,0.385865555555556,0.0674781761111111,0.234,0.40685,119.633666666667
"114","spotify:track:6NwhtCYkfwWlcR62Ac4E7y","Successful (feat. Trey Songz & Lil Wayne)","So Far Gone - 2009","Drake",2009-02-13,375050,61,TRUE,"bobrossthelegend",2026-02-16 17:29:32,"rap,r&b,hip hop","Young Money/Cash Money Records",0.562,0.544,8,-5.065,1,0.369,0.536,0,0.17,0.231,159.517,4,"Drake",246539.444444444,60.3333333333333,1,0.553277777777778,0.654088888888889,-6.59333333333333,0.242383333333333,0.385865555555556,0.0674781761111111,0.234,0.40685,119.633666666667
"115","spotify:track:4FDSPGncHRpr6yB8DD4CtI","Let’s Call It Off (feat. Peter Bjorn and John)","So Far Gone - 2009","Drake",2009-02-13,234175,61,TRUE,"bobrossthelegend",2026-02-16 17:29:32,"rap,indie","Young Money/Cash Money Records",0.79,0.731,9,-4.607,0,0.0327,0.00427,0.29,0.157,0.938,127.403,4,"Drake",246539.444444444,60.3333333333333,1,0.553277777777778,0.654088888888889,-6.59333333333333,0.242383333333333,0.385865555555556,0.0674781761111111,0.234,0.40685,119.633666666667
"116","spotify:track:0JaVdpmiex2EP7bBzyKVTa","November 18th","So Far Gone - 2009","Drake",2009-02-13,188189,61,TRUE,"bobrossthelegend",2026-02-16 17:29:32,"rap","Young Money/Cash Money Records",0.749,0.476,11,-11.147,0,0.507,0.579,0,0.1,0.534,71.937,4,"Drake",246539.444444444,60.3333333333333,1,0.553277777777778,0.654088888888889,-6.59333333333333,0.242383333333333,0.385865555555556,0.0674781761111111,0.234,0.40685,119.633666666667
"117","spotify:track:2hcohLIysMxofYziluXCoX","Ignant Shit (feat. Lil Wayne)","So Far Gone - 2009","Drake",2009-02-13,302492,55,TRUE,"bobrossthelegend",2026-02-16 17:29:32,"rap,hip hop","Young Money/Cash Money Records",0.591,0.846,7,-3.687,1,0.276,0.186,0,0.463,0.121,94.795,4,"Drake",246539.444444444,60.3333333333333,1,0.553277777777778,0.654088888888889,-6.59333333333333,0.242383333333333,0.385865555555556,0.0674781761111111,0.234,0.40685,119.633666666667
"118","spotify:track:3lkkkYc1wBj5l3FVlpqvP6","A Night Off (feat. Lloyd)","So Far Gone - 2009","Drake",2009-02-13,193962,61,TRUE,"bobrossthelegend",2026-02-16 17:29:32,"rap,r&b","Young Money/Cash Money Records",0.611,0.508,11,-5.573,0,0.0741,0.374,3.87e-06,0.168,0.368,103.612,4,"Drake",246539.444444444,60.3333333333333,1,0.553277777777778,0.654088888888889,-6.59333333333333,0.242383333333333,0.385865555555556,0.0674781761111111,0.234,0.40685,119.633666666667
"119","spotify:track:7mPoCVGP752A5DtHf1SKkM","Say What's Real","So Far Gone - 2009","Drake",2009-02-13,230717,57,TRUE,"bobrossthelegend",2026-02-16 17:29:32,"rap","Young Money/Cash Money Records",0.462,0.773,8,-5.375,1,0.288,0.632,0,0.212,0.455,86.157,4,"Drake",246539.444444444,60.3333333333333,1,0.553277777777778,0.654088888888889,-6.59333333333333,0.242383333333333,0.385865555555556,0.0674781761111111,0.234,0.40685,119.633666666667
"120","spotify:track:524wvipGqxPKYWxkjf9y46","Little Bit (feat. Lykke Li)","So Far Gone - 2009","Drake",2009-02-13,230484,72,TRUE,"bobrossthelegend",2026-02-16 17:29:32,"rap","Young Money/Cash Money Records",0.758,0.888,11,-4.899,0,0.0374,0.0999,0.0336,0.661,0.771,120.392,4,"Drake",246539.444444444,60.3333333333333,1,0.553277777777778,0.654088888888889,-6.59333333333333,0.242383333333333,0.385865555555556,0.0674781761111111,0.234,0.40685,119.633666666667
"121","spotify:track:3QLjDkgLh9AOEHlhQtDuhs","Best I Ever Had","So Far Gone - 2009","Drake",2009-02-13,257690,79,TRUE,"bobrossthelegend",2026-02-16 17:29:32,"rap","Young Money/Cash Money Records",0.395,0.922,1,-2.176,1,0.375,0.19,0,0.134,0.558,162.361,4,"Drake",246539.444444444,60.3333333333333,1,0.553277777777778,0.654088888888889,-6.59333333333333,0.242383333333333,0.385865555555556,0.0674781761111111,0.234,0.40685,119.633666666667
"122","spotify:track:2TWSilrWcTrgVKcP8kfEfg","Unstoppable (feat. Santigold & Lil Wayne)","So Far Gone - 2009","Drake",2009-02-13,209957,47,TRUE,"bobrossthelegend",2026-02-16 17:29:32,"rap,hip hop","Young Money/Cash Money Records",0.774,0.912,2,-2.787,0,0.347,0.165,0,0.745,0.821,150.083,4,"Drake",246539.444444444,60.3333333333333,1,0.553277777777778,0.654088888888889,-6.59333333333333,0.242383333333333,0.385865555555556,0.0674781761111111,0.234,0.40685,119.633666666667
"123","spotify:track:0q7LGcVSpsIoSbjChtZ8lI","Uptown (feat. Bun B & Lil Wayne)","So Far Gone - 2009","Drake",2009-02-13,382262,60,TRUE,"bobrossthelegend",2026-02-16 17:29:32,"rap,southern hip hop,hip hop","Young Money/Cash Money Records",0.416,0.824,1,-3.075,1,0.343,0.00391,0,0.104,0.417,85.433,5,"Drake",246539.444444444,60.3333333333333,1,0.553277777777778,0.654088888888889,-6.59333333333333,0.242383333333333,0.385865555555556,0.0674781761111111,0.234,0.40685,119.633666666667
"124","spotify:track:43iKgGbmfqPLh3mxUlospI","Sooner Than Later","So Far Gone - 2009","Drake",2009-02-13,262046,59,TRUE,"bobrossthelegend",2026-02-16 17:29:32,"rap","Young Money/Cash Money Records",0.616,0.501,5,-5.722,0,0.24,0.178,1.2e-05,0.105,0.506,94.554,4,"Drake",246539.444444444,60.3333333333333,1,0.553277777777778,0.654088888888889,-6.59333333333333,0.242383333333333,0.385865555555556,0.0674781761111111,0.234,0.40685,119.633666666667
"125","spotify:track:4i3GraNMzBKze1WsVl38DS","Bria's Interlude (feat. Omarion)","So Far Gone - 2009","Drake",2009-02-13,139574,67,TRUE,"bobrossthelegend",2026-02-16 17:29:32,"rap,r&b","Young Money/Cash Money Records",0.49,0.507,2,-6.205,0,0.0849,0.209,0.00104,0.119,0.237,147.037,3,"Drake",246539.444444444,60.3333333333333,1,0.553277777777778,0.654088888888889,-6.59333333333333,0.242383333333333,0.385865555555556,0.0674781761111111,0.234,0.40685,119.633666666667
"126","spotify:track:6MlGqWzDiLkZ0vmAEsisEk","The Calm","So Far Gone - 2009","Drake",2009-02-13,243723,52,TRUE,"bobrossthelegend",2026-02-16 17:29:32,"rap","Young Money/Cash Money Records",0.471,0.784,11,-8.25,0,0.883,0.819,1.13e-05,0.107,0.258,160.833,4,"Drake",246539.444444444,60.3333333333333,1,0.553277777777778,0.654088888888889,-6.59333333333333,0.242383333333333,0.385865555555556,0.0674781761111111,0.234,0.40685,119.633666666667
"127","spotify:track:6hHKFReuQR9VQp39ev43wY","Outro (feat. Chilly Gonzales)","So Far Gone - 2009","Drake",2009-02-13,174398,44,TRUE,"bobrossthelegend",2026-02-16 17:29:32,"rap,neoclassical","Young Money/Cash Money Records",0.397,0.0906,5,-21.655,1,0.054,0.988,0.856,0.344,0.136,185.167,4,"Drake",246539.444444444,60.3333333333333,1,0.553277777777778,0.654088888888889,-6.59333333333333,0.242383333333333,0.385865555555556,0.0674781761111111,0.234,0.40685,119.633666666667
"128","spotify:track:4XTXamS1g4g93jPxyuFJJ6","Brand New","So Far Gone - 2009","Drake",2009-02-13,213492,60,TRUE,"bobrossthelegend",2026-02-16 17:29:32,"rap","Young Money/Cash Money Records",0.399,0.491,6,-8.992,1,0.0714,0.631,0,0.171,0.356,94.542,3,"Drake",246539.444444444,60.3333333333333,1,0.553277777777778,0.654088888888889,-6.59333333333333,0.242383333333333,0.385865555555556,0.0674781761111111,0.234,0.40685,119.633666666667
"129","spotify:track:3SnXwQUrvSacFziUYXTNKY","Congratulations","So Far Gone - 2009","Drake",2009-02-13,332529,49,TRUE,"bobrossthelegend",2026-02-16 17:29:32,"rap","Young Money/Cash Money Records",0.333,0.859,6,-2.286,1,0.148,0.0185,0,0.22,0.125,86.882,5,"Drake",246539.444444444,60.3333333333333,1,0.553277777777778,0.654088888888889,-6.59333333333333,0.242383333333333,0.385865555555556,0.0674781761111111,0.234,0.40685,119.633666666667
"130","spotify:track:73tgFzBug5Ifk1Retdtwk7","Fireworks","Thank Me Later - 2010","Drake",2010-01-01,313280,68,TRUE,"bobrossthelegend",2026-02-16 17:32:02,"rap,r&b,neo soul","Aspire Music Group, LLC",0.55,0.758,0,-6.472,1,0.347,0.433,0,0.162,0.53,89.368,4,"Drake",262047.357142857,65.5714285714286,0.785714285714286,0.5455,0.749285714285714,-6.26635714285714,0.252635714285714,0.192843571428571,0.00184450928571429,0.161085714285714,0.469,114.718428571429
"131","spotify:track:5bDEA48Dxyxoc3K4Dt7yRE","Karaoke","Thank Me Later - 2010","Drake",2010-01-01,227960,56,FALSE,"bobrossthelegend",2026-02-16 17:32:02,"rap","Aspire Music Group, LLC",0.758,0.654,0,-7.097,1,0.116,0.00879,0.0258,0.0797,0.949,151.008,4,"Drake",262047.357142857,65.5714285714286,0.785714285714286,0.5455,0.749285714285714,-6.26635714285714,0.252635714285714,0.192843571428571,0.00184450928571429,0.161085714285714,0.469,114.718428571429
"132","spotify:track:0llA0pYA6GpGk7fTjew0wO","The Resistance","Thank Me Later - 2010","Drake",2010-01-01,225360,72,TRUE,"bobrossthelegend",2026-02-16 17:32:02,"rap","Aspire Music Group, LLC",0.547,0.741,0,-8.127,1,0.163,0.822,0,0.117,0.637,82.589,4,"Drake",262047.357142857,65.5714285714286,0.785714285714286,0.5455,0.749285714285714,-6.26635714285714,0.252635714285714,0.192843571428571,0.00184450928571429,0.161085714285714,0.469,114.718428571429
"133","spotify:track:6BdgtqiV3oXNqBikezwdvC","Over","Thank Me Later - 2010","Drake",2010-01-01,233560,71,TRUE,"bobrossthelegend",2026-02-16 17:32:02,"rap","Aspire Music Group, LLC",0.35,0.845,7,-5.614,1,0.2,0.0107,0,0.123,0.45,99.643,5,"Drake",262047.357142857,65.5714285714286,0.785714285714286,0.5455,0.749285714285714,-6.26635714285714,0.252635714285714,0.192843571428571,0.00184450928571429,0.161085714285714,0.469,114.718428571429
"134","spotify:track:7v0hKO3RYhEXt2EPXf4AOS","Show Me A Good Time","Thank Me Later - 2010","Drake",2010-01-01,210360,62,TRUE,"bobrossthelegend",2026-02-16 17:32:02,"rap","Aspire Music Group, LLC",0.667,0.734,6,-6.064,0,0.119,0.0386,0,0.108,0.704,128.318,4,"Drake",262047.357142857,65.5714285714286,0.785714285714286,0.5455,0.749285714285714,-6.26635714285714,0.252635714285714,0.192843571428571,0.00184450928571429,0.161085714285714,0.469,114.718428571429
"135","spotify:track:75L0qdzRnhwV62UXoNq3pE","Up All Night","Thank Me Later - 2010","Drake",2010-01-01,234333,68,TRUE,"bobrossthelegend",2026-02-16 17:32:02,"rap","Aspire Music Group, LLC",0.606,0.811,7,-4.667,1,0.278,0.00782,1.49e-05,0.349,0.276,156.347,4,"Drake",262047.357142857,65.5714285714286,0.785714285714286,0.5455,0.749285714285714,-6.26635714285714,0.252635714285714,0.192843571428571,0.00184450928571429,0.161085714285714,0.469,114.718428571429
"136","spotify:track:3fpTMuD1u3gJlVI4FadVHs","Fancy","Thank Me Later - 2010","Drake",2010-01-01,319386,75,TRUE,"bobrossthelegend",2026-02-16 17:32:02,"rap,southern hip hop","Aspire Music Group, LLC",0.53,0.884,0,-5.581,0,0.457,0.332,1.98e-06,0.355,0.28,87.194,4,"Drake",262047.357142857,65.5714285714286,0.785714285714286,0.5455,0.749285714285714,-6.26635714285714,0.252635714285714,0.192843571428571,0.00184450928571429,0.161085714285714,0.469,114.718428571429
"137","spotify:track:3d8PDk3B4am5c6TsUCznUW","Shut It Down","Thank Me Later - 2010","Drake",2010-01-01,419306,73,TRUE,"bobrossthelegend",2026-02-16 17:32:02,"rap,r&b","Aspire Music Group, LLC",0.59,0.434,9,-9.298,0,0.069,0.411,0,0.0979,0.399,119.905,4,"Drake",262047.357142857,65.5714285714286,0.785714285714286,0.5455,0.749285714285714,-6.26635714285714,0.252635714285714,0.192843571428571,0.00184450928571429,0.161085714285714,0.469,114.718428571429
"138","spotify:track:5LZ0ZCRXrklIpnzn4Tcyde","Unforgettable","Thank Me Later - 2010","Drake",2010-01-01,213813,66,TRUE,"bobrossthelegend",2026-02-16 17:32:02,"rap,southern hip hop,crunk,gangster rap","Aspire Music Group, LLC",0.546,0.87,4,-5.107,0,0.114,0.103,0,0.111,0.071,156.145,4,"Drake",262047.357142857,65.5714285714286,0.785714285714286,0.5455,0.749285714285714,-6.26635714285714,0.252635714285714,0.192843571428571,0.00184450928571429,0.161085714285714,0.469,114.718428571429
"139","spotify:track:0PWQqF5PvqRq0OPLSH0FKI","Light Up","Thank Me Later - 2010","Drake",2010-01-01,274146,53,TRUE,"bobrossthelegend",2026-02-16 17:32:02,"rap,hip hop,east coast hip hop","Aspire Music Group, LLC",0.472,0.908,8,-5.991,1,0.45,0.0936,0,0.15,0.198,172.924,4,"Drake",262047.357142857,65.5714285714286,0.785714285714286,0.5455,0.749285714285714,-6.26635714285714,0.252635714285714,0.192843571428571,0.00184450928571429,0.161085714285714,0.469,114.718428571429
"140","spotify:track:1U4mweNwisxNj23ffuC9gO","Miss Me","Thank Me Later - 2010","Drake",2010-01-01,305520,63,TRUE,"bobrossthelegend",2026-02-16 17:32:02,"rap,hip hop","Aspire Music Group, LLC",0.426,0.862,2,-5.979,1,0.597,0.0813,0,0.34,0.332,100.3,5,"Drake",262047.357142857,65.5714285714286,0.785714285714286,0.5455,0.749285714285714,-6.26635714285714,0.252635714285714,0.192843571428571,0.00184450928571429,0.161085714285714,0.469,114.718428571429
"141","spotify:track:2G7QCDuRM7rTj0pX21e0xk","Cece's Interlude","Thank Me Later - 2010","Drake",2010-01-01,154120,69,FALSE,"bobrossthelegend",2026-02-16 17:32:02,"rap","Aspire Music Group, LLC",0.473,0.603,9,-6.875,0,0.0319,0.0549,6.25e-06,0.115,0.234,94.984,4,"Drake",262047.357142857,65.5714285714286,0.785714285714286,0.5455,0.749285714285714,-6.26635714285714,0.252635714285714,0.192843571428571,0.00184450928571429,0.161085714285714,0.469,114.718428571429
"142","spotify:track:4BycRneKmOs6MhYG9THsuX","Find Your Love","Thank Me Later - 2010","Drake",2010-01-01,208946,69,FALSE,"bobrossthelegend",2026-02-16 17:32:02,"rap","Aspire Music Group, LLC",0.627,0.614,6,-6.006,0,0.17,0.0211,0,0.0286,0.758,96.038,4,"Drake",262047.357142857,65.5714285714286,0.785714285714286,0.5455,0.749285714285714,-6.26635714285714,0.252635714285714,0.192843571428571,0.00184450928571429,0.161085714285714,0.469,114.718428571429
"143","spotify:track:3cBUv0RIoEyAm2b7qimEY6","Thank Me Now","Thank Me Later - 2010","Drake",2010-01-01,328573,53,TRUE,"bobrossthelegend",2026-02-16 17:32:02,"rap","Aspire Music Group, LLC",0.495,0.772,8,-4.851,1,0.425,0.282,0,0.119,0.748,71.295,4,"Drake",262047.357142857,65.5714285714286,0.785714285714286,0.5455,0.749285714285714,-6.26635714285714,0.252635714285714,0.192843571428571,0.00184450928571429,0.161085714285714,0.469,114.718428571429
"144","spotify:track:2Gnsof1hvZzjE1xdLRpjtf","Over My Dead Body","Take Care - 2011","Drake",2011-11-15,272573,78,TRUE,"bobrossthelegend",2026-02-16 17:32:18,"rap","Cash Money Records/Young Money Ent./Universal Rec.",0.489,0.57,1,-10.291,1,0.306,0.759,2.1e-06,0.179,0.584,185.516,4,"Drake",263463.578947368,72.4736842105263,1,0.527736842105263,0.488578947368421,-10.9186315789474,0.229589473684211,0.291334157894737,0.00013234736842105,0.245694736842105,0.372473684210526,138.225631578947
"145","spotify:track:6Z01gUquJsjJC67uNWm6P0","Shot For Me","Take Care - 2011","Drake",2011-11-15,224720,75,TRUE,"bobrossthelegend",2026-02-16 17:32:18,"rap","Cash Money Records/Young Money Ent./Universal Rec.",0.566,0.465,2,-11.714,1,0.235,0.0555,0,0.567,0.177,143.015,4,"Drake",263463.578947368,72.4736842105263,1,0.527736842105263,0.488578947368421,-10.9186315789474,0.229589473684211,0.291334157894737,0.00013234736842105,0.245694736842105,0.372473684210526,138.225631578947
"146","spotify:track:6LxSe8YmdPxy095Ux6znaQ","Headlines","Take Care - 2011","Drake",2011-11-15,235986,87,TRUE,"bobrossthelegend",2026-02-16 17:32:18,"rap","Cash Money Records/Young Money Ent./Universal Rec.",0.636,0.566,6,-7.16,0,0.106,0.365,0.000353,0.0917,0.425,151.894,4,"Drake",263463.578947368,72.4736842105263,1,0.527736842105263,0.488578947368421,-10.9186315789474,0.229589473684211,0.291334157894737,0.00013234736842105,0.245694736842105,0.372473684210526,138.225631578947
"147","spotify:track:0V4l4GQhgnWQGtCWpvA7va","Crew Love","Take Care - 2011","Drake",2011-11-15,208813,72,TRUE,"bobrossthelegend",2026-02-16 17:32:18,"rap","Cash Money Records/Young Money Ent./Universal Rec.",0.418,0.546,0,-9.057,0,0.238,0.227,0,0.229,0.294,160.152,4,"Drake",263463.578947368,72.4736842105263,1,0.527736842105263,0.488578947368421,-10.9186315789474,0.229589473684211,0.291334157894737,0.00013234736842105,0.245694736842105,0.372473684210526,138.225631578947
"148","spotify:track:124NFj84ppZ5pAxTuVQYCQ","Take Care","Take Care - 2011","Drake",2011-11-15,277386,79,TRUE,"bobrossthelegend",2026-02-16 17:32:18,"rap","Cash Money Records/Young Money Ent./Universal Rec.",0.629,0.515,0,-10.358,0,0.265,0.0267,1.22e-05,0.0888,0.299,121.845,4,"Drake",263463.578947368,72.4736842105263,1,0.527736842105263,0.488578947368421,-10.9186315789474,0.229589473684211,0.291334157894737,0.00013234736842105,0.245694736842105,0.372473684210526,138.225631578947
"149","spotify:track:047fCsbO4NdmwCBn8pcUXl","Marvins Room","Take Care - 2011","Drake",2011-11-15,347226,78,TRUE,"bobrossthelegend",2026-02-16 17:32:18,"rap","Cash Money Records/Young Money Ent./Universal Rec.",0.492,0.26,9,-17.341,0,0.0921,0.646,0.00178,0.0705,0.312,111.519,5,"Drake",263463.578947368,72.4736842105263,1,0.527736842105263,0.488578947368421,-10.9186315789474,0.229589473684211,0.291334157894737,0.00013234736842105,0.245694736842105,0.372473684210526,138.225631578947
"150","spotify:track:1ZyudLFv35SRvY5SvTZqJx","Buried Alive Interlude","Take Care - 2011","Drake",2011-11-15,150960,61,TRUE,"bobrossthelegend",2026-02-16 17:32:18,"rap,hip hop,west coast hip hop","Cash Money Records/Young Money Ent./Universal Rec.",0.711,0.543,0,-12.692,1,0.112,0.412,0,0.505,0.801,102.01,4,"Drake",263463.578947368,72.4736842105263,1,0.527736842105263,0.488578947368421,-10.9186315789474,0.229589473684211,0.291334157894737,0.00013234736842105,0.245694736842105,0.372473684210526,138.225631578947
"151","spotify:track:1D9XLqQp2YYiOxrr5KLb8K","Under Ground Kings","Take Care - 2011","Drake",2011-11-15,212613,66,TRUE,"bobrossthelegend",2026-02-16 17:32:18,"rap","Cash Money Records/Young Money Ent./Universal Rec.",0.487,0.712,8,-7.323,1,0.27,5.2e-05,0,0.198,0.397,156.209,4,"Drake",263463.578947368,72.4736842105263,1,0.527736842105263,0.488578947368421,-10.9186315789474,0.229589473684211,0.291334157894737,0.00013234736842105,0.245694736842105,0.372473684210526,138.225631578947
"152","spotify:track:7udsBKuqnJ5csWTAkR0vEI","We'll Be Fine","Take Care - 2011","Drake",2011-11-15,247946,63,TRUE,"bobrossthelegend",2026-02-16 17:32:18,"rap,southern hip hop","Cash Money Records/Young Money Ent./Universal Rec.",0.386,0.488,1,-7.303,0,0.422,0.00171,0,0.64,0.217,193.397,4,"Drake",263463.578947368,72.4736842105263,1,0.527736842105263,0.488578947368421,-10.9186315789474,0.229589473684211,0.291334157894737,0.00013234736842105,0.245694736842105,0.372473684210526,138.225631578947
"153","spotify:track:7yfg0Eer6UZZt5tZ1XdsWz","Make Me Proud","Take Care - 2011","Drake",2011-11-15,219893,68,TRUE,"bobrossthelegend",2026-02-16 17:32:18,"rap","Cash Money Records/Young Money Ent./Universal Rec.",0.684,0.486,1,-10.155,1,0.132,0.00268,0.000148,0.157,0.355,131.913,4,"Drake",263463.578947368,72.4736842105263,1,0.527736842105263,0.488578947368421,-10.9186315789474,0.229589473684211,0.291334157894737,0.00013234736842105,0.245694736842105,0.372473684210526,138.225631578947
"154","spotify:track:1QBwk6GTCxVdC2hoSw9tlM","Lord Knows","Take Care - 2011","Drake",2011-11-15,307640,67,TRUE,"bobrossthelegend",2026-02-16 17:32:18,"rap,southern hip hop","Cash Money Records/Young Money Ent./Universal Rec.",0.417,0.887,5,-5.551,0,0.367,0.0786,0,0.834,0.303,167.579,4,"Drake",263463.578947368,72.4736842105263,1,0.527736842105263,0.488578947368421,-10.9186315789474,0.229589473684211,0.291334157894737,0.00013234736842105,0.245694736842105,0.372473684210526,138.225631578947
"155","spotify:track:2FbGlEPAjNhWvrVvlentVq","Cameras / Good Ones Go Interlude - Medley","Take Care - 2011","Drake",2011-11-15,434960,75,TRUE,"bobrossthelegend",2026-02-16 17:32:18,"rap","Cash Money Records/Young Money Ent./Universal Rec.",0.441,0.403,2,-11.18,0,0.147,0.255,1.27e-05,0.13,0.158,139.92,4,"Drake",263463.578947368,72.4736842105263,1,0.527736842105263,0.488578947368421,-10.9186315789474,0.229589473684211,0.291334157894737,0.00013234736842105,0.245694736842105,0.372473684210526,138.225631578947
"156","spotify:track:4eSGSqP2TZvvX0kadZZttM","Doing It Wrong","Take Care - 2011","Drake",2011-11-15,265120,75,TRUE,"bobrossthelegend",2026-02-16 17:32:18,"rap","Cash Money Records/Young Money Ent./Universal Rec.",0.397,0.172,6,-15.698,0,0.0445,0.841,6.78e-05,0.108,0.123,101.275,4,"Drake",263463.578947368,72.4736842105263,1,0.527736842105263,0.488578947368421,-10.9186315789474,0.229589473684211,0.291334157894737,0.00013234736842105,0.245694736842105,0.372473684210526,138.225631578947
"157","spotify:track:74atKkOasLOVzvqB6mYgga","The Real Her","Take Care - 2011","Drake",2011-11-15,321080,65,TRUE,"bobrossthelegend",2026-02-16 17:32:18,"rap,hip hop","Cash Money Records/Young Money Ent./Universal Rec.",0.567,0.309,8,-14.254,1,0.385,0.166,0,0.12,0.509,65.041,4,"Drake",263463.578947368,72.4736842105263,1,0.527736842105263,0.488578947368421,-10.9186315789474,0.229589473684211,0.291334157894737,0.00013234736842105,0.245694736842105,0.372473684210526,138.225631578947
"158","spotify:track:7t1lBIr3WIEtqQEOdZFMUf","Look What You've Done","Take Care - 2011","Drake",2011-11-15,301960,73,TRUE,"bobrossthelegend",2026-02-16 17:32:18,"rap","Cash Money Records/Young Money Ent./Universal Rec.",0.495,0.351,3,-14.669,0,0.34,0.485,0,0.0967,0.271,134.369,4,"Drake",263463.578947368,72.4736842105263,1,0.527736842105263,0.488578947368421,-10.9186315789474,0.229589473684211,0.291334157894737,0.00013234736842105,0.245694736842105,0.372473684210526,138.225631578947
"159","spotify:track:0m1KYWlT6LhFRBDVq9UNx4","HYFR (Hell Ya Fucking Right)","Take Care - 2011","Drake",2011-11-15,206626,74,TRUE,"bobrossthelegend",2026-02-16 17:32:18,"rap,hip hop","Cash Money Records/Young Money Ent./Universal Rec.",0.444,0.627,7,-8.744,0,0.252,0.123,0,0.0795,0.359,98.21,3,"Drake",263463.578947368,72.4736842105263,1,0.527736842105263,0.488578947368421,-10.9186315789474,0.229589473684211,0.291334157894737,0.00013234736842105,0.245694736842105,0.372473684210526,138.225631578947
"160","spotify:track:0jF2AdhsalO1L7KkhK4LE5","Practice","Take Care - 2011","Drake",2011-11-15,237733,79,TRUE,"bobrossthelegend",2026-02-16 17:32:18,"rap","Cash Money Records/Young Money Ent./Universal Rec.",0.446,0.239,1,-15.327,1,0.0876,0.574,7.76e-05,0.12,0.31,104.675,4,"Drake",263463.578947368,72.4736842105263,1,0.527736842105263,0.488578947368421,-10.9186315789474,0.229589473684211,0.291334157894737,0.00013234736842105,0.245694736842105,0.372473684210526,138.225631578947
"161","spotify:track:4xRxYWgAtL6pzRz94GlZlA","The Ride","Take Care - 2011","Drake",2011-11-15,351000,67,TRUE,"bobrossthelegend",2026-02-16 17:32:18,"rap","Cash Money Records/Young Money Ent./Universal Rec.",0.556,0.702,0,-10.079,0,0.205,0.517,0,0.343,0.793,155.948,4,"Drake",263463.578947368,72.4736842105263,1,0.527736842105263,0.488578947368421,-10.9186315789474,0.229589473684211,0.291334157894737,0.00013234736842105,0.245694736842105,0.372473684210526,138.225631578947
"162","spotify:track:4Kz4RdRCceaA9VgTqBhBfa","The Motto","Take Care - 2011","Drake",2011-11-15,181573,75,TRUE,"bobrossthelegend",2026-02-16 17:32:18,"rap,hip hop","Cash Money Records/Young Money Ent./Universal Rec.",0.766,0.442,1,-8.558,1,0.356,0.000107,6.12e-05,0.111,0.39,201.8,4,"Drake",263463.578947368,72.4736842105263,1,0.527736842105263,0.488578947368421,-10.9186315789474,0.229589473684211,0.291334157894737,0.00013234736842105,0.245694736842105,0.372473684210526,138.225631578947
"163","spotify:track:69gz9onZQNVw55cMQsaYii","Tuscan Leather","Nothing Was The Same - 2013","Drake",2013-01-01,366400,61,TRUE,"bobrossthelegend",2026-02-16 17:32:35,"rap","Cash Money Records/Young Money Ent./Universal Rec.",0.432,0.681,6,-5.4,1,0.437,0.114,0,0.236,0.296,77.793,4,"Drake",269915.6875,62.9375,0.9375,0.6585625,0.5695625,-7.6313125,0.25478125,0.154806875,2.813e-05,0.17175,0.368875,111.39425
"164","spotify:track:6s64FyS9n0XYbGMLH3LOWU","Furthest Thing","Nothing Was The Same - 2013","Drake",2013-01-01,267373,60,TRUE,"bobrossthelegend",2026-02-16 17:32:35,"rap","Cash Money Records/Young Money Ent./Universal Rec.",0.485,0.78,9,-5.261,0,0.142,0.149,0,0.0568,0.267,136.972,4,"Drake",269915.6875,62.9375,0.9375,0.6585625,0.5695625,-7.6313125,0.25478125,0.154806875,2.813e-05,0.17175,0.368875,111.39425
"165","spotify:track:3dgQqOiQ9fCKVhNOedd2lf","Started From the Bottom","Nothing Was The Same - 2013","Drake",2013-01-01,174120,68,TRUE,"bobrossthelegend",2026-02-16 17:32:35,"rap","Cash Money Records/Young Money Ent./Universal Rec.",0.794,0.523,8,-7.829,1,0.161,0.0331,0,0.156,0.56,86.307,4,"Drake",269915.6875,62.9375,0.9375,0.6585625,0.5695625,-7.6313125,0.25478125,0.154806875,2.813e-05,0.17175,0.368875,111.39425
"166","spotify:track:1HnhCD1u0c4dHSMazmWGyM","Wu-Tang Forever","Nothing Was The Same - 2013","Drake",2013-01-01,217600,62,TRUE,"bobrossthelegend",2026-02-16 17:32:35,"rap","Cash Money Records/Young Money Ent./Universal Rec.",0.855,0.433,1,-8.447,0,0.15,0.0414,0,0.1,0.394,99.975,4,"Drake",269915.6875,62.9375,0.9375,0.6585625,0.5695625,-7.6313125,0.25478125,0.154806875,2.813e-05,0.17175,0.368875,111.39425
"167","spotify:track:3EJ9ZuqkL1kwgouugqsLu8","Own It","Nothing Was The Same - 2013","Drake",2013-01-01,252053,60,TRUE,"bobrossthelegend",2026-02-16 17:32:35,"rap","Cash Money Records/Young Money Ent./Universal Rec.",0.652,0.345,8,-11.319,0,0.119,0.0437,3.59e-05,0.297,0.304,103.281,4,"Drake",269915.6875,62.9375,0.9375,0.6585625,0.5695625,-7.6313125,0.25478125,0.154806875,2.813e-05,0.17175,0.368875,111.39425
"168","spotify:track:3X37NtwadSS0RM20dh2IgP","Worst Behavior","Nothing Was The Same - 2013","Drake",2013-01-01,270200,60,TRUE,"bobrossthelegend",2026-02-16 17:32:35,"rap","Cash Money Records/Young Money Ent./Universal Rec.",0.777,0.778,9,-6.349,1,0.136,0.156,1.08e-06,0.196,0.437,109.925,4,"Drake",269915.6875,62.9375,0.9375,0.6585625,0.5695625,-7.6313125,0.25478125,0.154806875,2.813e-05,0.17175,0.368875,111.39425
"169","spotify:track:2WC4sK0ryyysQhtDok9Ytr","From Time","Nothing Was The Same - 2013","Drake",2013-01-01,322160,72,TRUE,"bobrossthelegend",2026-02-16 17:32:35,"rap,r&b","Cash Money Records/Young Money Ent./Universal Rec.",0.737,0.494,1,-9.723,0,0.416,0.629,0,0.126,0.44,94.485,4,"Drake",269915.6875,62.9375,0.9375,0.6585625,0.5695625,-7.6313125,0.25478125,0.154806875,2.813e-05,0.17175,0.368875,111.39425
"170","spotify:track:6jdOi5U5LBzQrc4c1VT983","Hold On, We're Going Home","Nothing Was The Same - 2013","Drake",2013-01-01,227880,80,FALSE,"bobrossthelegend",2026-02-16 17:32:35,"rap","Cash Money Records/Young Money Ent./Universal Rec.",0.773,0.414,6,-7.436,0,0.0961,0.00411,3.4e-05,0.0733,0.289,99.993,4,"Drake",269915.6875,62.9375,0.9375,0.6585625,0.5695625,-7.6313125,0.25478125,0.154806875,2.813e-05,0.17175,0.368875,111.39425
"171","spotify:track:1Sj81sMg37Hd4omn7Ow2qR","Connect","Nothing Was The Same - 2013","Drake",2013-01-01,296400,57,TRUE,"bobrossthelegend",2026-02-16 17:32:35,"rap","Cash Money Records/Young Money Ent./Universal Rec.",0.685,0.489,6,-9.472,0,0.152,0.411,0,0.132,0.461,75.018,4,"Drake",269915.6875,62.9375,0.9375,0.6585625,0.5695625,-7.6313125,0.25478125,0.154806875,2.813e-05,0.17175,0.368875,111.39425
"172","spotify:track:5dHpbFmZjWucrol0M7aNGU","The Language","Nothing Was The Same - 2013","Drake",2013-01-01,224040,57,TRUE,"bobrossthelegend",2026-02-16 17:32:35,"rap","Cash Money Records/Young Money Ent./Universal Rec.",0.823,0.662,7,-8.426,1,0.318,0.0118,0,0.0805,0.533,120.117,4,"Drake",269915.6875,62.9375,0.9375,0.6585625,0.5695625,-7.6313125,0.25478125,0.154806875,2.813e-05,0.17175,0.368875,111.39425
"173","spotify:track:5wTRsfZKeaQnQn8JeW8QYQ","305 To My City","Nothing Was The Same - 2013","Drake",2013-01-01,255826,50,TRUE,"bobrossthelegend",2026-02-16 17:32:35,"rap","Cash Money Records/Young Money Ent./Universal Rec.",0.519,0.487,4,-8.803,0,0.242,0.0515,0,0.15,0.126,112.281,3,"Drake",269915.6875,62.9375,0.9375,0.6585625,0.5695625,-7.6313125,0.25478125,0.154806875,2.813e-05,0.17175,0.368875,111.39425
"174","spotify:track:5LnXWeA9tuWKI2C1H74iiJ","Too Much","Nothing Was The Same - 2013","Drake",2013-01-01,261866,65,TRUE,"bobrossthelegend",2026-02-16 17:32:35,"rap,indie soul","Cash Money Records/Young Money Ent./Universal Rec.",0.668,0.565,6,-5.879,1,0.505,0.171,0,0.124,0.142,140.489,4,"Drake",269915.6875,62.9375,0.9375,0.6585625,0.5695625,-7.6313125,0.25478125,0.154806875,2.813e-05,0.17175,0.368875,111.39425
"175","spotify:track:4RI9eX7jNcdaQOJifn7t6z","Pound Cake / Paris Morton Music 2","Nothing Was The Same - 2013","Drake",2013-01-01,433800,64,TRUE,"bobrossthelegend",2026-02-16 17:32:35,"rap,hip hop,east coast hip hop","Cash Money Records/Young Money Ent./Universal Rec.",0.521,0.762,2,-6.746,1,0.529,0.138,1.11e-05,0.114,0.266,164.09,4,"Drake",269915.6875,62.9375,0.9375,0.6585625,0.5695625,-7.6313125,0.25478125,0.154806875,2.813e-05,0.17175,0.368875,111.39425
"176","spotify:track:5Ggfa9cpkpfp5D6Rg0Yyw1","Come Thru","Nothing Was The Same - 2013","Drake",2013-01-01,236360,65,TRUE,"bobrossthelegend",2026-02-16 17:32:35,"rap","Cash Money Records/Young Money Ent./Universal Rec.",0.472,0.468,3,-5.815,1,0.184,0.163,0,0.586,0.404,81.94,4,"Drake",269915.6875,62.9375,0.9375,0.6585625,0.5695625,-7.6313125,0.25478125,0.154806875,2.813e-05,0.17175,0.368875,111.39425
"177","spotify:track:5ngydCLbzCEdtu8SEOXhPU","All Me","Nothing Was The Same - 2013","Drake",2013-01-01,271573,58,TRUE,"bobrossthelegend",2026-02-16 17:32:35,"rap,southern hip hop","Cash Money Records/Young Money Ent./Universal Rec.",0.668,0.515,1,-6.977,1,0.402,0.0703,0,0.223,0.425,122.014,4,"Drake",269915.6875,62.9375,0.9375,0.6585625,0.5695625,-7.6313125,0.25478125,0.154806875,2.813e-05,0.17175,0.368875,111.39425
"178","spotify:track:3t8pnImpBpOwxdtYBpKvA9","The Motion","Nothing Was The Same - 2013","Drake",2013-01-01,241000,68,TRUE,"bobrossthelegend",2026-02-16 17:32:35,"rap","Cash Money Records/Young Money Ent./Universal Rec.",0.676,0.717,11,-8.219,0,0.0874,0.29,0.000368,0.0974,0.558,157.628,4,"Drake",269915.6875,62.9375,0.9375,0.6585625,0.5695625,-7.6313125,0.25478125,0.154806875,2.813e-05,0.17175,0.368875,111.39425
"179","spotify:track:1ID1QFSNNxi0hiZCNcwjUC","Legend","If You're Reading This It's Too Late - 2015","Drake",2015-02-12,241853,65,TRUE,"bobrossthelegend",2026-02-16 17:34:40,"rap","Cash Money Records/Young Money Ent./Universal Rec.",0.714,0.563,1,-7.574,1,0.0723,0.0266,0,0.0776,0.31,100.091,4,"Drake",242925.235294118,64.4705882352941,1,0.678588235294118,0.518,-7.786,0.208817647058824,0.261058823529412,3.68270588235294e-05,0.178329411764706,0.339352941176471,114.139764705882
"180","spotify:track:79XrkTOfV1AqySNjVlygpW","Energy","If You're Reading This It's Too Late - 2015","Drake",2015-02-12,181933,71,TRUE,"bobrossthelegend",2026-02-16 17:34:40,"rap","Cash Money Records/Young Money Ent./Universal Rec.",0.747,0.571,11,-7.916,1,0.478,0.38,0,0.534,0.553,172.104,4,"Drake",242925.235294118,64.4705882352941,1,0.678588235294118,0.518,-7.786,0.208817647058824,0.261058823529412,3.68270588235294e-05,0.178329411764706,0.339352941176471,114.139764705882
"181","spotify:track:12d5QFwzh60IIHlsSnAvps","10 Bands","If You're Reading This It's Too Late - 2015","Drake",2015-02-12,177733,63,TRUE,"bobrossthelegend",2026-02-16 17:34:40,"rap","Cash Money Records/Young Money Ent./Universal Rec.",0.825,0.756,11,-3.687,0,0.383,0.265,2.15e-06,0.0762,0.888,172.938,4,"Drake",242925.235294118,64.4705882352941,1,0.678588235294118,0.518,-7.786,0.208817647058824,0.261058823529412,3.68270588235294e-05,0.178329411764706,0.339352941176471,114.139764705882
"182","spotify:track:5InOp6q2vvx0fShv3bzFLZ","Know Yourself","If You're Reading This It's Too Late - 2015","Drake",2015-02-12,275840,67,TRUE,"bobrossthelegend",2026-02-16 17:34:40,"rap","Cash Money Records/Young Money Ent./Universal Rec.",0.72,0.412,11,-8.687,0,0.223,0.196,0,0.342,0.179,114.408,4,"Drake",242925.235294118,64.4705882352941,1,0.678588235294118,0.518,-7.786,0.208817647058824,0.261058823529412,3.68270588235294e-05,0.178329411764706,0.339352941176471,114.139764705882
"183","spotify:track:2durxb17bXcmQJHSt8JAdO","No Tellin'","If You're Reading This It's Too Late - 2015","Drake",2015-02-12,310933,59,TRUE,"bobrossthelegend",2026-02-16 17:34:40,"rap","Cash Money Records/Young Money Ent./Universal Rec.",0.823,0.467,0,-10.394,0,0.301,0.543,1.06e-06,0.135,0.618,95.026,4,"Drake",242925.235294118,64.4705882352941,1,0.678588235294118,0.518,-7.786,0.208817647058824,0.261058823529412,3.68270588235294e-05,0.178329411764706,0.339352941176471,114.139764705882
"184","spotify:track:4v7SAP4KD96BFLWiCd1vF0","Madonna","If You're Reading This It's Too Late - 2015","Drake",2015-02-12,177840,58,TRUE,"bobrossthelegend",2026-02-16 17:34:40,"rap","Cash Money Records/Young Money Ent./Universal Rec.",0.905,0.492,2,-8.598,1,0.0595,0.0149,3.77e-05,0.371,0.142,110.017,4,"Drake",242925.235294118,64.4705882352941,1,0.678588235294118,0.518,-7.786,0.208817647058824,0.261058823529412,3.68270588235294e-05,0.178329411764706,0.339352941176471,114.139764705882
"185","spotify:track:3a8tAZFJxlmBwOtrf5L1oC","6 God","If You're Reading This It's Too Late - 2015","Drake",2015-02-12,180666,63,TRUE,"bobrossthelegend",2026-02-16 17:34:40,"rap","Cash Money Records/Young Money Ent./Universal Rec.",0.868,0.623,2,-8.595,1,0.101,0.0249,0,0.125,0.498,105.446,4,"Drake",242925.235294118,64.4705882352941,1,0.678588235294118,0.518,-7.786,0.208817647058824,0.261058823529412,3.68270588235294e-05,0.178329411764706,0.339352941176471,114.139764705882
"186","spotify:track:2mmUoyPxzbxehpfm1TpTRK","Star67","If You're Reading This It's Too Late - 2015","Drake",2015-02-12,294973,66,TRUE,"bobrossthelegend",2026-02-16 17:34:40,"rap","Cash Money Records/Young Money Ent./Universal Rec.",0.521,0.392,3,-7.88,1,0.17,0.747,8.81e-06,0.198,0.166,91.939,4,"Drake",242925.235294118,64.4705882352941,1,0.678588235294118,0.518,-7.786,0.208817647058824,0.261058823529412,3.68270588235294e-05,0.178329411764706,0.339352941176471,114.139764705882
"187","spotify:track:1OHoBC4icbuNhpSxP400sv","Preach","If You're Reading This It's Too Late - 2015","Drake",2015-02-12,236973,68,TRUE,"bobrossthelegend",2026-02-16 17:34:40,"rap,dark r&b,r&b,trap soul","Cash Money Records/Young Money Ent./Universal Rec.",0.605,0.51,11,-8.094,0,0.423,0.165,8.8e-05,0.104,0.389,65.255,4,"Drake",242925.235294118,64.4705882352941,1,0.678588235294118,0.518,-7.786,0.208817647058824,0.261058823529412,3.68270588235294e-05,0.178329411764706,0.339352941176471,114.139764705882
"188","spotify:track:6oLHyWvmk6bKrA91EIYZBp","Wednesday Night Interlude","If You're Reading This It's Too Late - 2015","Drake",2015-02-12,212280,63,TRUE,"bobrossthelegend",2026-02-16 17:34:40,"rap,dark r&b,r&b,trap soul","Cash Money Records/Young Money Ent./Universal Rec.",0.312,0.466,9,-8.163,0,0.0509,0.729,7.34e-06,0.215,0.195,135.44,4,"Drake",242925.235294118,64.4705882352941,1,0.678588235294118,0.518,-7.786,0.208817647058824,0.261058823529412,3.68270588235294e-05,0.178329411764706,0.339352941176471,114.139764705882
"189","spotify:track:63p3Slj0shAFP0Q7dQetj5","Used To","If You're Reading This It's Too Late - 2015","Drake",2015-02-12,268480,58,TRUE,"bobrossthelegend",2026-02-16 17:34:40,"rap,hip hop","Cash Money Records/Young Money Ent./Universal Rec.",0.926,0.427,10,-7.584,0,0.105,0.0703,0.000337,0.0818,0.304,96.025,4,"Drake",242925.235294118,64.4705882352941,1,0.678588235294118,0.518,-7.786,0.208817647058824,0.261058823529412,3.68270588235294e-05,0.178329411764706,0.339352941176471,114.139764705882
"190","spotify:track:4kdfjhj9xNkYU0R8xlDy8k","6 Man","If You're Reading This It's Too Late - 2015","Drake",2015-02-12,167653,61,TRUE,"bobrossthelegend",2026-02-16 17:34:40,"rap","Cash Money Records/Young Money Ent./Universal Rec.",0.568,0.535,4,-9.306,1,0.513,0.217,0,0.114,0.326,83.589,4,"Drake",242925.235294118,64.4705882352941,1,0.678588235294118,0.518,-7.786,0.208817647058824,0.261058823529412,3.68270588235294e-05,0.178329411764706,0.339352941176471,114.139764705882
"191","spotify:track:4zLOwx1yRJXWkHKt1XzF1p","Now & Forever","If You're Reading This It's Too Late - 2015","Drake",2015-02-12,281320,68,TRUE,"bobrossthelegend",2026-02-16 17:34:40,"rap","Cash Money Records/Young Money Ent./Universal Rec.",0.555,0.481,6,-7.419,1,0.0322,0.124,0,0.101,0.098,107.793,4,"Drake",242925.235294118,64.4705882352941,1,0.678588235294118,0.518,-7.786,0.208817647058824,0.261058823529412,3.68270588235294e-05,0.178329411764706,0.339352941176471,114.139764705882
"192","spotify:track:6ImxYXeLDQPIv4qo7bMhSk","Company","If You're Reading This It's Too Late - 2015","Drake",2015-02-12,252640,64,TRUE,"bobrossthelegend",2026-02-16 17:34:40,"rap","Cash Money Records/Young Money Ent./Universal Rec.",0.651,0.55,7,-8.215,1,0.0496,0.0403,0,0.165,0.119,107.567,4,"Drake",242925.235294118,64.4705882352941,1,0.678588235294118,0.518,-7.786,0.208817647058824,0.261058823529412,3.68270588235294e-05,0.178329411764706,0.339352941176471,114.139764705882
"193","spotify:track:2YaDRtIlQiZ5WDDB2YuEOC","You & The 6","If You're Reading This It's Too Late - 2015","Drake",2015-02-12,264906,63,TRUE,"bobrossthelegend",2026-02-16 17:34:40,"rap","Cash Money Records/Young Money Ent./Universal Rec.",0.545,0.476,7,-7.444,0,0.284,0.168,0,0.13,0.223,154.362,4,"Drake",242925.235294118,64.4705882352941,1,0.678588235294118,0.518,-7.786,0.208817647058824,0.261058823529412,3.68270588235294e-05,0.178329411764706,0.339352941176471,114.139764705882
"194","spotify:track:7JXZq0JgG2zTrSOAgY8VMC","Jungle","If You're Reading This It's Too Late - 2015","Drake",2015-02-12,320400,75,TRUE,"bobrossthelegend",2026-02-16 17:34:40,"rap","Cash Money Records/Young Money Ent./Universal Rec.",0.697,0.235,7,-8.651,1,0.0534,0.62,0.000144,0.107,0.378,99.947,4,"Drake",242925.235294118,64.4705882352941,1,0.678588235294118,0.518,-7.786,0.208817647058824,0.261058823529412,3.68270588235294e-05,0.178329411764706,0.339352941176471,114.139764705882
"195","spotify:track:5mZJwWdxAOR4xUvSGZvvMU","6PM In New York","If You're Reading This It's Too Late - 2015","Drake",2015-02-12,283306,64,TRUE,"bobrossthelegend",2026-02-16 17:34:40,"rap","Cash Money Records/Young Money Ent./Universal Rec.",0.554,0.85,5,-4.155,1,0.251,0.107,0,0.155,0.383,128.429,3,"Drake",242925.235294118,64.4705882352941,1,0.678588235294118,0.518,-7.786,0.208817647058824,0.261058823529412,3.68270588235294e-05,0.178329411764706,0.339352941176471,114.139764705882
"196","spotify:track:0GR7iJLhj80KD5LkA14ZRn","Digital Dash","What A Time To Be Alive - 2015","Drake",2015-09-20,231231,66,TRUE,"bobrossthelegend",2026-02-16 17:34:49,"rap","Cash Money Records Inc.",0.881,0.546,2,-7.566,1,0.12,0.00296,4.72e-06,0.226,0.276,140.032,4,"Drake",224725.6,61.6,1,0.7786,0.5015,-8.399,0.26757,0.1021799,0.00016608,0.16087,0.3069,138.3284
"197","spotify:track:7jslhIiELQkgW9IHeYNOWE","Big Rings","What A Time To Be Alive - 2015","Drake",2015-09-20,217706,57,TRUE,"bobrossthelegend",2026-02-16 17:34:49,"rap","Cash Money Records Inc.",0.776,0.675,8,-6.224,0,0.266,0.00196,0,0.227,0.27,131.984,4,"Drake",224725.6,61.6,1,0.7786,0.5015,-8.399,0.26757,0.1021799,0.00016608,0.16087,0.3069,138.3284
"198","spotify:track:2uTG00P1DkhB97pdITkl2O","Live From The Gutter","What A Time To Be Alive - 2015","Drake",2015-09-20,211642,61,TRUE,"bobrossthelegend",2026-02-16 17:34:49,"rap","Cash Money Records Inc.",0.824,0.49,7,-8.391,1,0.429,0.0369,1.24e-06,0.0807,0.307,165.948,4,"Drake",224725.6,61.6,1,0.7786,0.5015,-8.399,0.26757,0.1021799,0.00016608,0.16087,0.3069,138.3284
"199","spotify:track:2AGottAzfC8bHzF7kEJ3Wa","Diamonds Dancing","What A Time To Be Alive - 2015","Drake",2015-09-20,314631,62,TRUE,"bobrossthelegend",2026-02-16 17:34:49,"rap","Cash Money Records Inc.",0.51,0.358,1,-10.847,1,0.0467,0.125,3.74e-05,0.111,0.171,136.036,4,"Drake",224725.6,61.6,1,0.7786,0.5015,-8.399,0.26757,0.1021799,0.00016608,0.16087,0.3069,138.3284
"200","spotify:track:0B5OTb36fzLayn6XQHg5A1","Scholarships","What A Time To Be Alive - 2015","Drake",2015-09-20,209287,63,TRUE,"bobrossthelegend",2026-02-16 17:34:49,"rap","Cash Money Records Inc.",0.739,0.416,0,-9.319,0,0.285,0.0966,1.27e-05,0.1,0.259,109.168,4,"Drake",224725.6,61.6,1,0.7786,0.5015,-8.399,0.26757,0.1021799,0.00016608,0.16087,0.3069,138.3284
"201","spotify:track:76kyKtPLsFbQkdQ86QrkF4","Plastic Bag","What A Time To Be Alive - 2015","Drake",2015-09-20,202084,60,TRUE,"bobrossthelegend",2026-02-16 17:34:49,"rap","Cash Money Records Inc.",0.845,0.479,1,-6.065,1,0.298,0.0104,1.79e-06,0.157,0.35,170.919,3,"Drake",224725.6,61.6,1,0.7786,0.5015,-8.399,0.26757,0.1021799,0.00016608,0.16087,0.3069,138.3284
"202","spotify:track:6bqtKURdSWkInAJHDkuaL0","I'm The Plug","What A Time To Be Alive - 2015","Drake",2015-09-20,180000,58,TRUE,"bobrossthelegend",2026-02-16 17:34:49,"rap","Cash Money Records Inc.",0.828,0.55,5,-9.158,1,0.255,0.000379,0.0016,0.134,0.254,160.016,4,"Drake",224725.6,61.6,1,0.7786,0.5015,-8.399,0.26757,0.1021799,0.00016608,0.16087,0.3069,138.3284
"203","spotify:track:4gowy3WT6D1yhMLgRBlf9C","Change Locations","What A Time To Be Alive - 2015","Drake",2015-09-20,220862,60,TRUE,"bobrossthelegend",2026-02-16 17:34:49,"rap","Cash Money Records Inc.",0.787,0.329,0,-9.991,1,0.391,0.0207,2.95e-06,0.118,0.209,137.85,4,"Drake",224725.6,61.6,1,0.7786,0.5015,-8.399,0.26757,0.1021799,0.00016608,0.16087,0.3069,138.3284
"204","spotify:track:27GmP9AWRs744SzKcpJsTZ","Jumpman","What A Time To Be Alive - 2015","Drake",2015-09-20,205879,70,TRUE,"bobrossthelegend",2026-02-16 17:34:49,"rap","Cash Money Records Inc.",0.852,0.553,1,-7.286,1,0.187,0.0559,0,0.332,0.656,142.079,4,"Drake",224725.6,61.6,1,0.7786,0.5015,-8.399,0.26757,0.1021799,0.00016608,0.16087,0.3069,138.3284
"205","spotify:track:1DmnEYXa4WfbdhAPwNzgD8","30 for 30 Freestyle","What A Time To Be Alive - 2015","Drake",2015-09-20,253934,59,TRUE,"bobrossthelegend",2026-02-16 17:34:49,"rap","Cash Money Records Inc.",0.744,0.619,4,-9.143,0,0.398,0.671,0,0.123,0.317,89.252,4,"Drake",224725.6,61.6,1,0.7786,0.5015,-8.399,0.26757,0.1021799,0.00016608,0.16087,0.3069,138.3284
"206","spotify:track:7sBwAWyXfiIgrYQ8BaJESH","Keep The Family Close","Views - 2016","Drake",2016-03-04,328906,64,TRUE,"bobrossthelegend",2026-02-16 17:34:56,"rap","Cash Money Records/Young Money Ent./Universal Rec.",0.378,0.566,9,-7.685,0,0.0482,0.149,0,0.382,0.196,87.691,3,"Drake",243774.25,69.8,0.9,0.67195,0.5232,-8.92755,0.15728,0.11878365,0.0002678585,0.2078,0.272215,117.3834
"207","spotify:track:1C7KSXR2GVxknex6I4ANco","9","Views - 2016","Drake",2016-03-04,255786,81,TRUE,"bobrossthelegend",2026-02-16 17:34:56,"rap","Cash Money Records/Young Money Ent./Universal Rec.",0.68,0.712,10,-7.184,1,0.0453,0.000803,0.000612,0.237,0.0379,100.009,4,"Drake",243774.25,69.8,0.9,0.67195,0.5232,-8.92755,0.15728,0.11878365,0.0002678585,0.2078,0.272215,117.3834
"208","spotify:track:03L2AoiRbWhvt7BDMx1jUB","U With Me?","Views - 2016","Drake",2016-03-04,297373,67,TRUE,"bobrossthelegend",2026-02-16 17:34:56,"rap","Cash Money Records/Young Money Ent./Universal Rec.",0.429,0.43,2,-11.373,1,0.165,0.338,1.18e-05,0.138,0.125,174.983,4,"Drake",243774.25,69.8,0.9,0.67195,0.5232,-8.92755,0.15728,0.11878365,0.0002678585,0.2078,0.272215,117.3834
"209","spotify:track:3cjF2OFRmip8spwZYQRKxP","Feel No Ways","Views - 2016","Drake",2016-03-04,240653,77,TRUE,"bobrossthelegend",2026-02-16 17:34:56,"rap","Cash Money Records/Young Money Ent./Universal Rec.",0.582,0.677,7,-7.081,1,0.172,0.0312,6.6e-06,0.122,0.205,193.818,4,"Drake",243774.25,69.8,0.9,0.67195,0.5232,-8.92755,0.15728,0.11878365,0.0002678585,0.2078,0.272215,117.3834
"210","spotify:track:5NFYuqu8V6QXc6mzcLImd6","Hype","Views - 2016","Drake",2016-03-04,209413,60,TRUE,"bobrossthelegend",2026-02-16 17:34:56,"rap","Cash Money Records/Young Money Ent./Universal Rec.",0.787,0.635,4,-8.271,0,0.155,0.0253,0,0.357,0.237,130.018,4,"Drake",243774.25,69.8,0.9,0.67195,0.5232,-8.92755,0.15728,0.11878365,0.0002678585,0.2078,0.272215,117.3834
"211","spotify:track:4PA16FAl8LPmFmOhARawdV","Weston Road Flows","Views - 2016","Drake",2016-03-04,253533,68,TRUE,"bobrossthelegend",2026-02-16 17:34:56,"rap","Cash Money Records/Young Money Ent./Universal Rec.",0.623,0.74,1,-6.942,1,0.307,0.0635,0,0.366,0.35,82.877,4,"Drake",243774.25,69.8,0.9,0.67195,0.5232,-8.92755,0.15728,0.11878365,0.0002678585,0.2078,0.272215,117.3834
"212","spotify:track:4cRBqWBjuccCowYVHFlXK6","Redemption","Views - 2016","Drake",2016-03-04,333946,69,TRUE,"bobrossthelegend",2026-02-16 17:34:56,"rap","Cash Money Records/Young Money Ent./Universal Rec.",0.694,0.314,0,-7.82,1,0.116,0.611,2.07e-06,0.117,0.341,119.905,4,"Drake",243774.25,69.8,0.9,0.67195,0.5232,-8.92755,0.15728,0.11878365,0.0002678585,0.2078,0.272215,117.3834
"213","spotify:track:3aJkV6DUTSCqOwVwaBDG9B","With You","Views - 2016","Drake",2016-03-04,195053,64,TRUE,"bobrossthelegend",2026-02-16 17:34:56,"rap,dark r&b,r&b,trap soul","Cash Money Records/Young Money Ent./Universal Rec.",0.878,0.406,1,-9.961,1,0.248,0.134,0.000234,0.112,0.784,128.014,4,"Drake",243774.25,69.8,0.9,0.67195,0.5232,-8.92755,0.15728,0.11878365,0.0002678585,0.2078,0.272215,117.3834
"214","spotify:track:2qLcJOLrh6Djda4uLbldSA","Faithful","Views - 2016","Drake",2016-03-04,290133,58,TRUE,"bobrossthelegend",2026-02-16 17:34:56,"rap,trap soul,alternative r&b,southern hip hop,crunk","Cash Money Records/Young Money Ent./Universal Rec.",0.536,0.449,1,-10.499,1,0.103,0.11,1.49e-05,0.284,0.171,99.889,4,"Drake",243774.25,69.8,0.9,0.67195,0.5232,-8.92755,0.15728,0.11878365,0.0002678585,0.2078,0.272215,117.3834
"215","spotify:track:433P7tDcIAi6NLnf4Sh6tI","Still Here","Views - 2016","Drake",2016-03-04,189853,65,TRUE,"bobrossthelegend",2026-02-16 17:34:56,"rap","Cash Money Records/Young Money Ent./Universal Rec.",0.834,0.433,0,-9.607,1,0.174,0.0258,0,0.633,0.229,133.938,3,"Drake",243774.25,69.8,0.9,0.67195,0.5232,-8.92755,0.15728,0.11878365,0.0002678585,0.2078,0.272215,117.3834
"216","spotify:track:3O8NlPh2LByMU9lSRSHedm","Controlla","Views - 2016","Drake",2016-03-04,245226,74,TRUE,"bobrossthelegend",2026-02-16 17:34:56,"rap","Cash Money Records/Young Money Ent./Universal Rec.",0.59,0.468,10,-11.083,0,0.185,0.0789,0,0.101,0.349,92.287,4,"Drake",243774.25,69.8,0.9,0.67195,0.5232,-8.92755,0.15728,0.11878365,0.0002678585,0.2078,0.272215,117.3834
"217","spotify:track:1zi7xx7UVEFkmKfv06H8x0","One Dance","Views - 2016","Drake",2016-03-04,173986,91,FALSE,"bobrossthelegend",2026-02-16 17:34:56,"rap,afrobeats,afrobeat,afropop,azonto,afroswing,afro r&b,afropiano","Cash Money Records/Young Money Ent./Universal Rec.",0.792,0.625,1,-5.609,1,0.0536,0.00776,0.0018,0.329,0.37,103.967,4,"Drake",243774.25,69.8,0.9,0.67195,0.5232,-8.92755,0.15728,0.11878365,0.0002678585,0.2078,0.272215,117.3834
"218","spotify:track:5e574bhjycX1eH2l4Auage","Grammys","Views - 2016","Drake",2016-03-04,220426,60,TRUE,"bobrossthelegend",2026-02-16 17:34:56,"rap","Cash Money Records/Young Money Ent./Universal Rec.",0.676,0.432,1,-9.51,1,0.502,0.00163,3.84e-06,0.0799,0.12,145.869,4,"Drake",243774.25,69.8,0.9,0.67195,0.5232,-8.92755,0.15728,0.11878365,0.0002678585,0.2078,0.272215,117.3834
"219","spotify:track:3NxAG2ni1lLa8RKL6a0INc","Childs Play","Views - 2016","Drake",2016-03-04,241400,68,TRUE,"bobrossthelegend",2026-02-16 17:34:56,"rap","Cash Money Records/Young Money Ent./Universal Rec.",0.746,0.475,10,-11.243,0,0.113,0.0175,1.1e-05,0.197,0.292,80.006,4,"Drake",243774.25,69.8,0.9,0.67195,0.5232,-8.92755,0.15728,0.11878365,0.0002678585,0.2078,0.272215,117.3834
"220","spotify:track:5mPSyjLatqB00IkPqRlbTE","Pop Style","Views - 2016","Drake",2016-03-04,212946,61,TRUE,"bobrossthelegend",2026-02-16 17:34:56,"rap","Cash Money Records/Young Money Ent./Universal Rec.",0.713,0.462,7,-10.027,1,0.123,0.192,2.16e-06,0.105,0.0594,133.053,4,"Drake",243774.25,69.8,0.9,0.67195,0.5232,-8.92755,0.15728,0.11878365,0.0002678585,0.2078,0.272215,117.3834
"221","spotify:track:3BtuIIrQlkujKPuWF2B85z","Too Good","Views - 2016","Drake",2016-03-04,263373,74,TRUE,"bobrossthelegend",2026-02-16 17:34:56,"rap","Cash Money Records/Young Money Ent./Universal Rec.",0.794,0.653,7,-7.839,1,0.104,0.0489,4.88e-05,0.1,0.397,117.996,4,"Drake",243774.25,69.8,0.9,0.67195,0.5232,-8.92755,0.15728,0.11878365,0.0002678585,0.2078,0.272215,117.3834
"222","spotify:track:3ppVO2tyWRRznNmONvt7Se","Summers Over Interlude","Views - 2016","Drake",2016-03-04,106333,72,TRUE,"bobrossthelegend",2026-02-16 17:34:56,"rap","Cash Money Records/Young Money Ent./Universal Rec.",0.699,0.255,4,-8.647,0,0.0303,0.405,0.00242,0.0985,0.242,132.031,3,"Drake",243774.25,69.8,0.9,0.67195,0.5232,-8.92755,0.15728,0.11878365,0.0002678585,0.2078,0.272215,117.3834
"223","spotify:track:4BhGTc3Cgay2U1QcTS7vQe","Fire & Desire","Views - 2016","Drake",2016-03-04,238120,74,TRUE,"bobrossthelegend",2026-02-16 17:34:56,"rap","Cash Money Records/Young Money Ent./Universal Rec.",0.722,0.252,1,-14.411,0,0.0761,0.0671,0,0.0852,0.275,79.923,4,"Drake",243774.25,69.8,0.9,0.67195,0.5232,-8.92755,0.15728,0.11878365,0.0002678585,0.2078,0.272215,117.3834
"224","spotify:track:7MjSipTto9QljYzZnloXOn","Views","Views - 2016","Drake",2016-03-04,311960,65,TRUE,"bobrossthelegend",2026-02-16 17:34:56,"rap","Cash Money Records/Young Money Ent./Universal Rec.",0.395,0.852,5,-5.896,1,0.37,0.0657,0,0.262,0.112,76.428,4,"Drake",243774.25,69.8,0.9,0.67195,0.5232,-8.92755,0.15728,0.11878365,0.0002678585,0.2078,0.272215,117.3834
"225","spotify:track:0wwPcA6wtMf6HUMpIRdeP7","Hotline Bling","Views - 2016","Drake",2016-03-04,267066,84,FALSE,"bobrossthelegend",2026-02-16 17:34:56,"rap","Cash Money Records/Young Money Ent./Universal Rec.",0.891,0.628,2,-7.863,1,0.0551,0.00258,0.00019,0.0504,0.552,134.966,4,"Drake",243774.25,69.8,0.9,0.67195,0.5232,-8.92755,0.15728,0.11878365,0.0002678585,0.2078,0.272215,117.3834
