TIME,30.2419,30.5707,30.9066,31.25,31.6011,31.9602,32.3276,32.7035,33.0882,33.4821,33.8855,34.2988,34.7222,35.1562,35.6013,36.0577,36.526,37.0066,37.5,38.0068,38.5274,39.0625,39.6127,40.1786,40.7609,41.3603,41.9776,42.6136,43.2692,43.9453,44.6429,45.3629,46.1066,46.875,47.6695,48.4914,49.3421,50.2232,51.1364,52.0833,53.066,54.0865,55.1471,56.25,57.398,58.5937,59.8404,61.1413,62.5,63.9205,65.407,66.9643,68.5976,70.3125,72.1154,74.0132,76.0135,78.125,80.3571,82.7206,85.2273,87.8906,90.7258,93.75,96.9828,100.446,104.167,108.173,112.5,117.187,122.283,127.841,133.929,140.625,148.026,156.25,165.441,175.781,187.5,200.893,216.346,234.375,255.682,281.25,312.5,351.562,401.786,468.75
0.000000000,0.203976,0.132146,0.26465,0.304899,0.383337,0.402299,0.169815,0.047286,0.087422,0.0720263,0.0562779,0.0771706,0.222023,0.255108,0.133008,0.0772119,0.0730832,0.101524,0.196263,0.445287,0.68568,0.626409,0.394072,0.219607,0.127172,0.115725,0.08497,0.156557,0.287237,0.325723,0.269992,0.245825,0.0932673,0.0140073,0.0301104,0.147292,0.272984,0.370715,0.247956,0.225729,0.138587,0.119315,0.206886,0.279099,0.223835,0.240569,0.310337,0.284932,0.220018,0.402751,0.437036,0.22353,0.0949427,0.16844,0.402732,0.357696,0.119524,0.0700332,0.177948,0.225546,0.12769,0.061976,0.215189,0.315644,0.402608,0.433274,0.388344,0.241033,0.268678,0.328852,0.423355,0.213501,0.141858,0.0807558,0.129947,0.273988,0.300803,0.368692,0.245775,0.141237,0.0877316,0.0174098,0.0703631,0.207126,0.234136,0.215951,0.182232,0.157189
1.365333333,0.238912,0.137567,0.267997,0.304909,0.384541,0.404767,0.210735,0.153418,0.157058,0.08719,0.0616264,0.0772299,0.222348,0.258263,0.136308,0.079995,0.078481,0.108386,0.211336,0.495959,0.729542,0.636342,0.396769,0.221711,0.170097,0.139645,0.0851448,0.157767,0.29896,0.332376,0.275696,0.253356,0.100882,0.0141747,0.0319337,0.14972,0.300742,0.398002,0.261491,0.239636,0.157811,0.122415,0.206918,0.279119,0.224206,0.246908,0.314124,0.293655,0.242292,0.405269,0.439054,0.229113,0.101452,0.170874,0.403316,0.365073,0.148196,0.084058,0.183187,0.228058,0.131388,0.0632195,0.217938,0.322849,0.413024,0.439702,0.389391,0.24585,0.290813,0.337139,0.424432,0.213798,0.146529,0.100387,0.136707,0.284389,0.319164,0.376819,0.246647,0.141537,0.0934001,0.0342435,0.078035,0.213573,0.242467,0.239528,0.185971,0.159276
2.730666667,0.276907,0.152362,0.271857,0.325151,0.422508,0.440139,0.21765,0.1768,0.200612,0.11865,0.0627016,0.0836495,0.241629,0.280677,0.22142,0.131418,0.0954723,0.10963,0.213247,0.49638,0.729578,0.722073,0.5729,0.276558,0.18742,0.148185,0.096095,0.185114,0.342238,0.343668,0.312633,0.298574,0.118767,0.0261624,0.0562912,0.272909,0.538563,0.506918,0.27104,0.24309,0.158518,0.12601,0.244184,0.308552,0.377966,0.399562,0.322682,0.294279,0.242515,0.409368,0.445256,0.23233,0.132869,0.249208,0.484665,0.370053,0.148427,0.0840725,0.184365,0.232313,0.159859,0.115519,0.441181,0.710211,0.527404,0.454825,0.390332,0.245868,0.292426,0.357109,0.472043,0.239676,0.177954,0.121346,0.138927,0.28617,0.326121,0.390178,0.252514,0.147284,0.0936078,0.0380354,0.0918088,0.232324,0.25603,0.249403,0.187598,0.159277
4.096000000,0.50106,0.268591,0.280732,0.339544,0.423691,0.449802,0.282033,0.335996,0.284152,0.151561,0.0641298,0.0836495,0.244488,0.321505,0.458839,0.331996,0.109252,0.113543,0.213247,0.49638,0.734102,0.770056,0.685755,0.332224,0.230878,0.149426,0.096095,0.185114,0.348762,0.38341,0.369882,0.325627,0.148388,0.0751829,0.0669466,0.272909,0.539921,0.523806,0.324318,0.294449,0.207569,0.208303,0.318279,0.315214,0.392623,0.417091,0.325591,0.31161,0.2993,0.467509,0.468606,0.27936,0.28853,0.282929,0.490408,0.410631,0.233853,0.145569,0.253349,0.27121,0.172522,0.146186,0.458103,0.74045,0.544159,0.560754,0.657168,0.394186,0.312358,0.358654,0.531065,0.27606,0.180603,0.133883,0.214166,0.458333,0.375256,0.404522,0.298067,0.245137,0.127592,0.0392017,0.0918088,0.266357,0.445215,0.360858,0.253309,0.188719
5.461333333,0.505294,0.279345,0.310039,0.351999,0.427915,0.46177,0.319088,0.356596,0.28862,0.171024,0.112926,0.0931458,0.254454,0.345387,0.476007,0.337951,0.139906,0.201357,0.253964,0.503996,0.769951,0.792671,0.686648,0.333122,0.236968,0.1558,0.097749,0.223954,0.420557,0.464099,0.394343,0.325627,0.148447,0.0762383,0.0736318,0.29692,0.606219,0.625586,0.344604,0.30177,0.215516,0.208303,0.318481,0.344508,0.582197,0.512306,0.331844,0.31161,0.300094,0.475535,0.496791,0.402829,0.384278,0.309506,0.491817,0.413874,0.245413,0.146828,0.254932,0.287883,0.194271,0.158857,0.486043,0.76686,0.548,0.560758,0.659362,0.399391,0.324845,0.396785,0.562056,0.284303,0.181732,0.133967,0.223339,0.472992,0.394635,0.45469,0.354944,0.254554,0.127592,0.0437585,0.0942747,0.268457,0.476299,0.42536,0.29889,0.195142
6.826666667,0.505294,0.279345,0.310093,0.360703,0.443618,0.581384,0.606881,0.470851,0.29417,0.171073,0.114467,0.124032,0.332444,0.685402,0.648625,0.356274,0.153207,0.281131,0.367307,0.50507,0.812429,0.845633,0.729329,0.341659,0.237819,0.155846,0.097762,0.223954,0.420557,0.490825,0.405138,0.328464,0.16371,0.110739,0.0935259,0.337517,0.760588,0.788374,0.384471,0.322798,0.400084,0.329867,0.349871,0.458856,0.775617,0.597217,0.345119,0.367063,0.38994,0.48525,0.504936,0.467709,0.413218,0.311549,0.499314,0.480136,0.280665,0.184491,0.387868,0.454306,0.200131,0.220888,0.661875,0.815628,0.557016,0.633585,0.856444,0.453576,0.332302,0.42945,0.653907,0.419744,0.256355,0.150436,0.232298,0.474469,0.394637,0.458945,0.37068,0.254554,0.128458,0.0742484,0.178787,0.300081,0.502617,0.577207,0.538296,0.195142
8.192000000,0.505294,0.279345,0.310093,0.366098,0.4641,0.613217,0.621382,0.50191,0.323589,0.172539,0.128583,0.19701,0.430221,0.73961,0.663637,0.356274,0.153207,0.281131,0.402315,0.601133,0.876379,0.923471,0.743343,0.376459,0.288241,0.17443,0.134648,0.291734,0.428699,0.490825,0.405882,0.330282,0.171478,0.129521,0.113483,0.355109,0.761976,0.78999,0.384471,0.327752,0.426081,0.381484,0.384112,0.459389,0.775617,0.59733,0.345119,0.389228,0.526545,0.691062,0.53971,0.468527,0.413218,0.314239,0.501437,0.49076,0.297478,0.195576,0.394446,0.458775,0.200173,0.220888,0.674763,0.93854,0.644195,0.669382,0.859831,0.454213,0.332302,0.42945,0.670534,0.433343,0.256797,0.150492,0.233395,0.475993,0.407366,0.517762,0.408782,0.266836,0.128827,0.0742484,0.180587,0.306518,0.510881,0.616318,0.587152,0.206337
9.557333333,0.521782,0.283419,0.31013,0.37044,0.468213,0.614257,0.626355,0.512249,0.326033,0.177139,0.130584,0.19701,0.436607,0.791958,0.691095,0.36494,0.156437,0.28147,0.402315,0.601133,0.880164,0.949547,0.814486,0.519587,0.338567,0.175811,0.13503,0.29821,0.435314,0.497053,0.416995,0.340174,0.17314,0.129521,0.113483,0.357861,0.771749,0.807529,0.419436,0.508963,0.547588,0.402246,0.384112,0.459389,0.792203,0.64418,0.367048,0.39119,0.526545,0.691062,0.558256,0.521871,0.438343,0.32184,0.502856,0.52085,0.36583,0.24009,0.411492,0.498351,0.268622,0.310623,0.709279,0.943206,0.664815,0.727345,0.889883,0.525237,0.377961,0.437686,0.684433,0.482887,0.275824,0.150492,0.237071,0.530833,0.534829,0.587987,0.442021,0.283862,0.132224,0.0742484,0.180587,0.318218,0.537291,0.634468,0.597693,0.22572
10.922666667,0.522766,0.286163,0.311466,0.384193,0.47785,0.624188,0.638247,0.522282,0.327808,0.177525,0.132339,0.199356,0.457723,0.915321,0.939177,0.493387,0.171186,0.286145,0.402698,0.601133,0.881461,0.962064,0.820451,0.520181,0.339417,0.179377,0.138567,0.304478,0.438028,0.499865,0.518752,0.437796,0.197072,0.135697,0.116318,0.359549,0.782763,0.8287,0.446428,0.543458,0.551668,0.405282,0.392473,0.48268,0.808565,0.647497,0.369129,0.423618,0.53395,0.691575,0.565454,0.547501,0.460944,0.357989,0.548424,0.556373,0.37444,0.245383,0.412247,0.501553,0.29064,0.323811,0.711532,0.971377,0.676486,0.728233,0.889931,0.526284,0.398909,0.475538,0.704981,0.486268,0.275824,0.153972,0.238872,0.531999,0.597991,0.752516,0.465227,0.290902,0.133885,0.0742484,0.180633,0.319745,0.540523,0.639026,0.59986,0.228996
12.288000000,0.525213,0.285333,0.306341,0.379072,0.320266,0.469145,0.599401,0.521205,0.33148,0.191541,0.145818,0.197073,0.401206,0.878398,0.94319,0.572486,0.334535,0.333486,0.405146,0.546331,0.627826,0.708483,0.663932,0.470834,0.335999,0.183221,0.138966,0.295,0.418185,0.492006,0.517119,0.458776,0.27494,0.316222,0.19824,0.363491,0.738101,0.670768,0.329078,0.510153,0.523978,0.390208,0.39608,0.489995,0.778301,0.631611,0.369232,0.435186,0.554962,0.625059,0.445182,0.490126,0.453718,0.356542,0.519309,0.478389,0.364526,0.250899,0.395282,0.500092,0.27549,0.315945,0.710229,1.02043,0.676545,0.614907,0.800016,0.512413,0.310847,0.429719,0.671521,0.448421,0.271774,0.144184,0.229651,0.576554,0.688366,0.637899,0.366838,0.271978,0.131493,0.0734476,0.181652,0.300576,0.482317,0.622403,0.590026,0.220766
13.653333333,0.493059,0.255169,0.207198,0.198932,0.260952,0.473048,0.599515,0.521696,0.305893,0.150288,0.125415,0.183236,0.379463,0.834407,0.925139,0.572458,0.332725,0.304836,0.347783,0.409796,0.370486,0.617604,0.659464,0.472625,0.322937,0.131082,0.0954653,0.27337,0.35646,0.422153,0.514374,0.466975,0.279137,0.316222,0.194066,0.351305,0.694363,0.609264,0.314415,0.508436,0.519759,0.389583,0.34395,0.414849,0.746024,0.53619,0.207505,0.273326,0.44435,0.587782,0.433905,0.480503,0.461517,0.283422,0.396181,0.452239,0.368914,0.251174,0.358982,0.460552,0.252308,0.308381,0.652603,0.837126,0.474944,0.543138,0.759906,0.500454,0.298845,0.420524,0.62895,0.414042,0.276075,0.160586,0.239165,0.465478,0.509515,0.55431,0.398635,0.309689,0.139367,0.0740133,0.176263,0.287777,0.482093,0.610801,0.583174,0.204913
15.018666667,0.475677,0.247912,0.22107,0.197076,0.250062,0.475567,0.612963,0.522632,0.305893,0.144489,0.118326,0.188092,0.372313,0.830675,0.925662,0.557521,0.318917,0.30401,0.333798,0.392866,0.334425,0.49151,0.651456,0.477989,0.320457,0.133383,0.0862437,0.219006,0.322836,0.419595,0.492539,0.41039,0.268704,0.315058,0.193823,0.354508,0.689659,0.596796,0.341673,0.489594,0.496392,0.382119,0.310409,0.395725,0.736398,0.537376,0.218404,0.282958,0.427824,0.387617,0.236971,0.424901,0.464328,0.29451,0.403739,0.457985,0.37442,0.252494,0.330888,0.382349,0.23117,0.308381,0.662192,0.86328,0.46924,0.508678,0.755184,0.454739,0.235719,0.396118,0.587982,0.394976,0.267673,0.164879,0.208026,0.40709,0.486364,0.515212,0.365067,0.30228,0.138789,0.0654989,0.160068,0.213432,0.39749,0.551171,0.523648,0.168452
16.384000000,0.39813,0.180916,0.119078,0.145693,0.205587,0.397082,0.581203,0.519132,0.342555,0.159468,0.120342,0.19165,0.463374,0.941082,0.966191,0.564617,0.316374,0.298313,0.31878,0.370876,0.309023,0.480377,0.641436,0.49507,0.458311,0.141195,0.0802616,0.206695,0.235581,0.357509,0.574882,0.425146,0.288269,0.332964,0.205366,0.356525,0.684329,0.579231,0.288767,0.4421,0.504033,0.386243,0.311947,0.388824,0.723658,0.535972,0.214854,0.280811,0.450737,0.403204,0.239515,0.442742,0.500869,0.289438,0.377446,0.434748,0.365236,0.262533,0.333607,0.382574,0.227686,0.295651,0.656313,0.862649,0.453627,0.427207,0.709529,0.424676,0.25208,0.396787,0.549564,0.34421,0.2622,0.195485,0.207686,0.404466,0.494853,0.560512,0.384604,0.297128,0.131556,0.0651523,0.164905,0.221664,0.403273,0.552304,0.517825,0.135952
17.749333333,0.423141,0.214261,0.172614,0.149481,0.157049,0.323276,0.598785,0.554642,0.381885,0.165663,0.182559,0.23252,0.402261,0.86906,1.04944,0.665006,0.353804,0.293866,0.297783,0.369283,0.363873,0.468086,0.646347,0.49642,0.447633,0.14369,0.106961,0.214465,0.232665,0.349765,0.542831,0.340229,0.275719,0.357753,0.203435,0.357296,0.708815,0.616725,0.289715,0.383023,0.532998,0.466932,0.326767,0.313585,0.689726,0.528595,0.174512,0.272122,0.48764,0.539374,0.322944,0.427126,0.539453,0.369934,0.423457,0.588468,0.42682,0.262163,0.375918,0.438399,0.229731,0.294925,0.660537,0.884732,0.452294,0.418024,0.79852,0.526984,0.247368,0.269476,0.38812,0.323473,0.262817,0.192673,0.218352,0.492149,0.596721,0.563588,0.376405,0.293215,0.148599,0.180378,0.271303,0.182484,0.389098,0.554173,0.519009,0.252276
19.114666667,0.415748,0.226636,0.262174,0.39126,0.312474,0.308336,0.573986,0.554442,0.377107,0.163151,0.1823,0.241548,0.414429,0.842687,1.01411,0.643652,0.354829,0.297182,0.298256,0.345815,0.330334,0.434821,0.639033,0.524781,0.452192,0.144415,0.119205,0.238683,0.209777,0.266234,0.453513,0.342734,0.310515,0.382222,0.200095,0.298733,0.652186,0.65668,0.336882,0.417569,0.50432,0.417465,0.304733,0.306204,0.687144,0.549795,0.219025,0.285074,0.476523,0.515883,0.314199,0.417653,0.537994,0.33462,0.225654,0.435014,0.399269,0.27339,0.381843,0.408361,0.220518,0.291542,0.566627,0.855101,0.490069,0.434701,0.793126,0.513808,0.241622,0.212725,0.324839,0.306872,0.281158,0.200708,0.219757,0.489915,0.59315,0.532081,0.303576,0.208522,0.0904746,0.186837,0.276044,0.187953,0.377378,0.487477,0.484144,0.257724
20.480000000,0.413401,0.224883,0.373421,0.59111,0.399837,0.284078,0.548958,0.552862,0.371894,0.189633,0.215937,0.254916,0.404289,0.829171,1.00606,0.641699,0.34134,0.367558,0.547695,0.523369,0.359961,0.431492,0.611654,0.440535,0.395764,0.158651,0.138075,0.246329,0.242006,0.275277,0.437588,0.361353,0.333383,0.382395,0.199066,0.299043,0.658748,0.662074,0.349095,0.425762,0.505711,0.416813,0.303786,0.300905,0.703327,0.586974,0.22367,0.268529,0.44156,0.486558,0.300487,0.463005,0.591177,0.360116,0.231643,0.425835,0.388636,0.26731,0.387993,0.494824,0.300959,0.356303,0.677397,0.903124,0.473828,0.418372,0.792678,0.528408,0.292359,0.258304,0.344272,0.293094,0.269365,0.200827,0.224784,0.488039,0.584757,0.537675,0.322412,0.214614,0.0890138,0.18688,0.278236,0.19931,0.431499,0.522223,0.463085,0.237684
21.845333333,0.376232,0.22542,0.379882,0.597276,0.397619,0.362832,0.701706,0.697361,0.480165,0.230168,0.197548,0.232112,0.404931,0.842943,1.01001,0.640106,0.341051,0.384215,0.601798,0.561749,0.510852,0.620275,0.674792,0.440115,0.390229,0.176496,0.147107,0.212427,0.246172,0.321083,0.465125,0.361038,0.339957,0.44297,0.28397,0.317948,0.647197,0.625032,0.39779,0.460287,0.496098,0.401613,0.307437,0.320129,0.748959,0.576633,0.213992,0.24304,0.470742,0.567633,0.369705,0.639683,0.783751,0.416538,0.229156,0.412688,0.38691,0.271179,0.381882,0.516616,0.332889,0.363896,0.685503,0.900784,0.443598,0.407876,0.724831,0.538514,0.288353,0.26142,0.356665,0.295141,0.203158,0.191431,0.227712,0.497928,0.605115,0.666404,0.478952,0.268736,0.102746,0.192149,0.277616,0.206371,0.437761,0.534594,0.476077,0.215513
23.210666667,0.351735,0.234546,0.399161,0.660303,0.482585,0.361749,0.660787,0.59537,0.41648,0.215038,0.192199,0.232279,0.40791,0.850372,1.01509,0.638026,0.338273,0.394459,0.614126,0.618161,0.631415,0.772991,0.765182,0.43889,0.347304,0.154559,0.173266,0.234799,0.258549,0.31443,0.459422,0.354106,0.34218,0.469061,0.296926,0.416503,0.824077,0.683214,0.384737,0.446417,0.477757,0.416131,0.339246,0.338801,0.785176,0.61134,0.266855,0.399767,0.567614,0.565861,0.374879,0.635192,0.777242,0.434209,0.25869,0.407519,0.362306,0.25853,0.376642,0.515333,0.348179,0.517857,0.951164,1.00608,0.433258,0.401942,0.819274,0.734756,0.359477,0.283798,0.440014,0.354904,0.199346,0.173026,0.224153,0.529121,0.610137,0.658276,0.478081,0.294409,0.137153,0.178041,0.270069,0.202489,0.49733,0.552875,0.477451,0.215069
24.576000000,0.327145,0.220379,0.396273,0.642033,0.444797,0.373171,0.835389,0.774948,0.427251,0.207819,0.194582,0.23631,0.395424,0.830098,0.932604,0.598396,0.337566,0.401838,0.62158,0.638444,0.691536,0.842189,0.700612,0.400486,0.329981,0.150929,0.180355,0.234683,0.221696,0.312349,0.44307,0.323592,0.334956,0.464676,0.333513,0.400901,0.605383,0.586365,0.378092,0.443248,0.487297,0.435367,0.317182,0.322346,0.643861,0.475288,0.261876,0.412067,0.639021,0.746284,0.552035,0.760952,0.779909,0.355875,0.17916,0.406658,0.365532,0.261104,0.39323,0.539004,0.321762,0.465557,0.728196,0.625162,0.392511,0.553604,0.892497,0.749231,0.3587,0.274125,0.393914,0.331797,0.178602,0.175689,0.234084,0.528488,0.620595,0.737556,0.647843,0.420576,0.149304,0.177012,0.256457,0.185713,0.48877,0.555717,0.48214,0.218857
25.941333333,0.10947,0.110843,0.393481,0.635739,0.445539,0.364908,0.78256,0.624694,0.352041,0.179956,0.205621,0.255965,0.407023,0.797862,0.700045,0.399567,0.324691,0.408538,0.688652,0.690556,0.707986,0.811191,0.60176,0.349492,0.291657,0.158758,0.185817,0.241237,0.220105,0.275337,0.390498,0.301731,0.310825,0.417214,0.324872,0.422334,0.67206,0.641695,0.348703,0.396293,0.452615,0.364247,0.245167,0.317034,0.632546,0.460617,0.261656,0.404473,0.598503,0.692317,0.533242,0.724034,0.631316,0.323683,0.176798,0.38239,0.288725,0.202792,0.338039,0.531614,0.342562,0.44981,0.716835,0.620719,0.398679,0.46064,0.643092,0.609928,0.346145,0.298753,0.383889,0.336359,0.187734,0.163883,0.159819,0.356602,0.573976,0.738918,0.621491,0.332006,0.118715,0.178718,0.261996,0.155666,0.304347,0.45389,0.42217,0.191321
27.306666667,0.108821,0.105192,0.422479,0.716605,0.492632,0.361941,0.747676,0.611588,0.347874,0.160571,0.157231,0.25161,0.401681,0.777777,0.69178,0.402911,0.299006,0.324477,0.660388,0.703231,0.705655,0.862232,0.636101,0.349121,0.285931,0.15253,0.187689,0.20714,0.152942,0.19509,0.36763,0.302716,0.311182,0.430197,0.336295,0.415015,0.618155,0.551152,0.330769,0.388971,0.445059,0.38392,0.293318,0.310688,0.459287,0.391768,0.275017,0.411084,0.59915,0.686296,0.505532,0.600809,0.539993,0.319187,0.193177,0.387006,0.28572,0.209817,0.34375,0.517061,0.323659,0.439126,0.697538,0.617753,0.408916,0.46691,0.642842,0.605063,0.333657,0.260622,0.352898,0.331032,0.199439,0.174588,0.179111,0.373122,0.566978,0.690558,0.564614,0.322639,0.121602,0.183287,0.263451,0.158809,0.287461,0.397874,0.380598,0.186866
28.672000000,0.114104,0.166251,0.586061,0.84571,0.507573,0.265207,0.476873,0.50213,0.342748,0.161206,0.156573,0.220761,0.323783,0.437896,0.519162,0.385578,0.296467,0.272704,0.606137,0.786379,0.720849,0.840746,0.616748,0.348384,0.287267,0.153289,0.187995,0.211078,0.166399,0.18358,0.358322,0.305575,0.305104,0.402761,0.321376,0.391224,0.544648,0.526393,0.386305,0.400516,0.262584,0.262356,0.261984,0.196594,0.266012,0.306901,0.263416,0.363258,0.513864,0.686418,0.545776,0.621577,0.554585,0.326596,0.199682,0.334644,0.253422,0.172155,0.211638,0.352513,0.327259,0.418602,0.554956,0.601852,0.422258,0.397704,0.455273,0.560544,0.328717,0.232755,0.301095,0.254211,0.125836,0.158289,0.170206,0.372195,0.578143,0.730515,0.593936,0.351386,0.121254,0.154815,0.187171,0.138112,0.264427,0.253871,0.14296,0.187184
30.037333333,0.114357,0.166263,0.586061,0.843164,0.499892,0.252034,0.472965,0.473434,0.3141,0.169436,0.162013,0.16462,0.231768,0.384103,0.50415,0.385578,0.297679,0.274766,0.577153,0.714282,0.700551,0.805262,0.630951,0.332149,0.270863,0.172856,0.157787,0.145832,0.167483,0.194704,0.363225,0.313893,0.316344,0.39429,0.302236,0.373929,0.545529,0.536674,0.410948,0.422679,0.259826,0.233975,0.247346,0.20842,0.273333,0.308104,0.263416,0.343601,0.385125,0.489469,0.514743,0.621137,0.554891,0.324421,0.197871,0.324812,0.248229,0.209863,0.297035,0.43895,0.375495,0.433751,0.546598,0.479981,0.335079,0.364632,0.462799,0.57477,0.336962,0.234371,0.284851,0.241413,0.128354,0.173462,0.209893,0.437034,0.641229,0.724093,0.57427,0.341583,0.121208,0.155584,0.185812,0.131689,0.256163,0.219422,0.100525,0.176624
31.402666667,0.104723,0.162475,0.586024,0.838822,0.495817,0.252832,0.491199,0.590374,0.472216,0.22794,0.167209,0.164725,0.225505,0.339307,0.498911,0.395493,0.306666,0.277563,0.577408,0.715915,0.697637,0.781223,0.570496,0.204445,0.229899,0.179639,0.160638,0.139794,0.161558,0.19972,0.376336,0.330739,0.322817,0.39456,0.302236,0.371177,0.535957,0.519572,0.377393,0.259341,0.168773,0.226581,0.248996,0.213959,0.299552,0.356041,0.335695,0.372146,0.386285,0.489469,0.496197,0.567794,0.52987,0.320545,0.232998,0.380074,0.246673,0.186418,0.282004,0.401199,0.324128,0.378862,0.526302,0.475315,0.314462,0.306721,0.43283,0.503819,0.291397,0.228185,0.275733,0.196202,0.111281,0.173557,0.206217,0.382433,0.519125,0.670178,0.560637,0.331988,0.118343,0.157081,0.193051,0.130342,0.237822,0.202225,0.0903975,0.162026
32.768000000,0.103739,0.159731,0.584688,0.825068,0.48618,0.242902,0.479307,0.580341,0.470441,0.227554,0.165454,0.162379,0.204417,0.215998,0.250835,0.267046,0.291917,0.272888,0.577026,0.715915,0.69634,0.768705,0.564532,0.203851,0.229049,0.176192,0.157145,0.133534,0.158861,0.196907,0.27458,0.233117,0.298884,0.388391,0.2994,0.369489,0.524959,0.498401,0.350402,0.224846,0.164693,0.223569,0.240698,0.190697,0.283195,0.388356,0.413302,0.371838,0.381757,0.488955,0.488999,0.542164,0.50727,0.286564,0.191492,0.345033,0.242821,0.190139,0.282348,0.397997,0.311135,0.397499,0.563068,0.487791,0.317041,0.307052,0.432782,0.502772,0.272478,0.194411,0.256592,0.194452,0.114443,0.170237,0.204416,0.385237,0.472185,0.553487,0.618468,0.35772,0.119411,0.157225,0.193005,0.129432,0.236271,0.19798,0.0889756,0.161026
34.133333333,0.100692,0.151627,0.566514,0.805363,0.483002,0.239466,0.473389,0.578443,0.46644,0.212462,0.150702,0.158957,0.194261,0.198287,0.239295,0.18179,0.111875,0.214228,0.572171,0.711642,0.694133,0.768665,0.557108,0.193616,0.225921,0.17216,0.155513,0.132933,0.158382,0.185541,0.242309,0.203038,0.22049,0.207867,0.21652,0.358782,0.522979,0.497946,0.350038,0.214178,0.142339,0.214295,0.233941,0.167625,0.270352,0.367497,0.379533,0.340318,0.348271,0.47183,0.473744,0.541755,0.507271,0.286564,0.191327,0.344332,0.237022,0.173008,0.268974,0.374035,0.298138,0.392571,0.543194,0.422797,0.289463,0.295408,0.406901,0.480868,0.267428,0.191719,0.254799,0.194042,0.11261,0.164691,0.18969,0.311465,0.345976,0.495703,0.608825,0.355999,0.119411,0.157225,0.19027,0.11346,0.225328,0.194903,0.0855723,0.157242
35.498666667,0.0992668,0.150166,0.563295,0.798603,0.460247,0.227729,0.473274,0.577204,0.46029,0.20522,0.14684,0.152985,0.184784,0.19475,0.238747,0.18179,0.111235,0.203353,0.509165,0.602919,0.685391,0.75162,0.544828,0.191824,0.225921,0.17216,0.155513,0.13018,0.147584,0.178046,0.238633,0.194022,0.216293,0.207867,0.210098,0.33136,0.493873,0.486295,0.333578,0.202118,0.142147,0.212921,0.225263,0.16434,0.267795,0.346304,0.34143,0.338655,0.340895,0.456801,0.470895,0.528033,0.46804,0.26233,0.186892,0.337325,0.232606,0.172734,0.264686,0.366656,0.292046,0.385849,0.531304,0.399952,0.288879,0.291118,0.401054,0.479261,0.252403,0.156573,0.231033,0.192121,0.103745,0.143812,0.177207,0.308089,0.339024,0.493658,0.567,0.317626,0.110472,0.156659,0.184357,0.105123,0.220749,0.192891,0.0794466,0.155161
36.864000000,0.0985028,0.148828,0.54065,0.792528,0.447293,0.198938,0.459229,0.576268,0.46029,0.20522,0.144535,0.143609,0.179338,0.172874,0.198437,0.157144,0.107848,0.203239,0.507461,0.596742,0.675592,0.732817,0.458855,0.159982,0.222617,0.169859,0.151569,0.127636,0.14364,0.167487,0.226647,0.190587,0.216293,0.207867,0.209843,0.325739,0.480288,0.471015,0.297982,0.184491,0.136908,0.2097,0.193201,0.115154,0.254465,0.331034,0.320602,0.323536,0.33845,0.456801,0.470895,0.528033,0.461695,0.251242,0.177768,0.324733,0.222367,0.167268,0.249181,0.33746,0.275602,0.385849,0.521715,0.373798,0.277689,0.287174,0.382781,0.471215,0.247336,0.155804,0.231033,0.187171,0.0708637,0.114116,0.165044,0.297113,0.318091,0.481343,0.566451,0.317626,0.110472,0.156659,0.177992,0.0849533,0.19979,0.184653,0.0740478,0.150259
38.229333333,0.0787316,0.147197,0.540584,0.792297,0.447203,0.187814,0.449226,0.57071,0.414637,0.185179,0.141323,0.136869,0.0871424,0.0593566,0.15169,0.146371,0.105872,0.201297,0.506592,0.596459,0.674984,0.731114,0.448195,0.117993,0.0639901,0.123957,0.148401,0.127453,0.143423,0.159894,0.125482,0.167075,0.193579,0.18996,0.197837,0.320445,0.480012,0.47088,0.296957,0.177895,0.127661,0.204585,0.188515,0.112081,0.25382,0.330955,0.319558,0.311631,0.304837,0.432777,0.465135,0.509461,0.420817,0.233627,0.176667,0.324733,0.222367,0.156131,0.246195,0.337083,0.271593,0.376181,0.502952,0.349178,0.213287,0.233406,0.37614,0.462914,0.22185,0.14379,0.230563,0.187171,0.0683999,0.0810481,0.161015,0.296206,0.308759,0.436028,0.546915,0.3137,0.110472,0.155692,0.17313,0.0767208,0.190513,0.179732,0.072008,0.148197
39.594666667,0.0513315,0.112091,0.486236,0.781508,0.446659,0.187814,0.405994,0.534786,0.37504,0.178576,0.0790131,0.084337,0.0807264,0.0526139,0.0582387,0.0445699,0.0585407,0.19395,0.498461,0.55023,0.594064,0.723416,0.440032,0.107559,0.0622604,0.119202,0.121682,0.118096,0.139347,0.154747,0.0989586,0.106892,0.129779,0.153637,0.197208,0.310677,0.443945,0.425105,0.273483,0.170916,0.0901587,0.114728,0.125489,0.101093,0.212487,0.323784,0.316821,0.285629,0.26257,0.29406,0.375636,0.507105,0.362826,0.152314,0.122423,0.147966,0.141261,0.130485,0.188955,0.273994,0.261673,0.374255,0.498376,0.327095,0.212234,0.233298,0.250485,0.300797,0.170549,0.133454,0.219268,0.184536,0.0653136,0.0798676,0.141729,0.193115,0.201144,0.430546,0.546096,0.311704,0.0913372,0.0366075,0.0509025,0.070565,0.172433,0.165397,0.0657188,0.0308001
40.960000000,0.0477282,0.0988519,0.396676,0.539658,0.283239,0.187814,0.402623,0.515816,0.358779,0.176451,0.078937,0.069245,0.0496371,0.0526139,0.0566841,0.04438,0.0575165,0.190634,0.496884,0.54731,0.591247,0.695261,0.383444,0.0693386,0.0569525,0.11725,0.108016,0.0887322,0.113354,0.130719,0.093054,0.0919718,0.0949841,0.128838,0.197208,0.307709,0.401866,0.346386,0.224913,0.13229,0.0854231,0.109879,0.125489,0.101093,0.207677,0.292134,0.270741,0.272576,0.258976,0.293264,0.370516,0.507105,0.362826,0.152314,0.12125,0.133324,0.116693,0.102141,0.150583,0.273994,0.261673,0.373416,0.493753,0.30902,0.171352,0.211252,0.23337,0.296214,0.170549,0.133454,0.219268,0.183171,0.0469722,0.0582486,0.0954268,0.16124,0.194813,0.423574,0.545302,0.311704,0.089401,0.0277007,0.0461615,0.0643958,0.169989,0.142753,0.05254,0.0251645
42.325333333,0.0465623,0.0961954,0.25974,0.316148,0.190301,0.187179,0.400501,0.512923,0.352946,0.149365,0.0451168,0.053626,0.0461716,0.0524162,0.0566841,0.04438,0.0570875,0.0907638,0.243461,0.366497,0.560086,0.68721,0.381931,0.0644214,0.0569525,0.102986,0.0846907,0.0750665,0.0775737,0.101389,0.0889865,0.0674903,0.0699115,0.128665,0.196937,0.299911,0.388408,0.333494,0.210848,0.123718,0.0837003,0.10979,0.123466,0.0936726,0.169082,0.254954,0.264994,0.272535,0.258976,0.292992,0.321002,0.41882,0.309641,0.126816,0.108029,0.131381,0.116547,0.102096,0.1437,0.186914,0.180006,0.307973,0.38271,0.252095,0.167205,0.211225,0.233278,0.281581,0.118983,0.0842866,0.194687,0.179591,0.0469722,0.057349,0.0903516,0.155751,0.188084,0.40176,0.517278,0.304665,0.089358,0.0275544,0.0436828,0.0527328,0.112354,0.101409,0.0517006,0.0251645
43.690666667,0.0462967,0.088328,0.251621,0.307087,0.183074,0.101958,0.246032,0.357976,0.230662,0.102885,0.0439674,0.0524524,0.0351858,0.0332681,0.0469971,0.0431155,0.0489695,0.0732932,0.181662,0.310012,0.381268,0.484086,0.316119,0.0643109,0.0510647,0.0633481,0.0636351,0.0690271,0.0634808,0.0499669,0.0582145,0.0640487,0.0627324,0.0671111,0.101638,0.263799,0.387541,0.331353,0.151084,0.0822887,0.0816763,0.107923,0.118848,0.0741497,0.118966,0.218651,0.258102,0.267484,0.224947,0.21015,0.247711,0.226451,0.0895204,0.0595751,0.108029,0.131022,0.110827,0.0943097,0.134766,0.157395,0.141216,0.295438,0.373908,0.24274,0.14732,0.194136,0.209538,0.249509,0.114356,0.0796775,0.181553,0.172078,0.0452515,0.0520223,0.0856286,0.14532,0.164258,0.270908,0.358966,0.238649,0.0628188,0.0219137,0.0290848,0.0369205,0.104897,0.088017,0.0310904,0.0173193