TIME,27.4658,30.2124,32.959,35.7056,38.4521,41.1987,43.9453,46.6919,49.4385,52.1851,54.9316,57.6782,60.4248,63.1714,65.918,68.6646,71.4111,74.1577,76.9043,79.6509,82.3975,85.144,87.8906,90.6372,93.3838,96.1304,98.877,101.624,104.37,107.117,109.863,112.61,115.356,118.103,120.85,123.596,126.343,129.089,131.836,134.583,137.329,140.076,142.822,145.569,148.315,151.062,153.809,156.555,159.302,162.048,164.795,167.542,170.288,173.035,175.781,178.528,181.274,184.021,186.768,189.514,192.261,195.007,197.754,200.5,203.247,205.994,208.74,211.487,214.233,216.98,219.727,222.473,225.22,227.966,230.713,233.459,236.206,238.953,241.699,244.446,247.192,249.939,252.686,255.432,258.179,260.925,263.672,266.418,269.165,271.912,274.658,277.405,280.151,282.898,285.645,288.391,291.138,293.884,296.631,299.377,302.124,304.871,307.617,310.364,313.11,315.857,318.604,321.35,324.097,326.843,329.59,332.336,335.083,337.83,340.576,343.323,346.069,348.816,351.562,354.309,357.056,359.802,362.549,365.295,368.042,370.789,373.535,376.282,379.028,381.775,384.521,387.268,390.015,392.761,395.508,398.254,401.001,403.748,406.494,409.241,411.987,414.734,417.48,420.227,422.974,425.72,428.467,431.213,433.96,436.707,439.453,442.2,444.946,447.693,450.439,453.186,455.933,458.679,461.426,464.172,466.919,469.666,472.412,475.159,477.905,480.652
0.000000000,1754.35,1265.83,540.646,186.542,353.929,495.357,390.073,681.652,1126.24,870.258,262.846,126.827,170.784,585.323,1681.43,2570.18,3495.44,5597.67,6398.4,3849.88,1264.33,413.153,544.173,1149.92,1157.17,977.833,889.073,237.752,123.285,1313.54,3229.73,7652.16,15123.7,18305.1,12543.6,4247.43,469.693,437.162,125.659,338.697,1181.76,419.384,443.546,1828.48,1695.88,1730.11,4415.77,6474.54,4958.72,3004.52,2718.88,1958,803.961,416.029,122.234,58.9578,713.247,3081.05,7330.56,11806.3,15979.2,16298.1,10162.6,3910.33,1943.29,1508.69,1754.52,3502.82,3321.53,486.089,1147.67,4480.23,3597.67,1135.51,2072.28,2662.14,712.292,156.601,1447.26,1528.7,842.998,983.288,867.636,338.08,969.237,2629.31,3271.8,2556.09,2450.8,2899.04,2829.86,2609.21,2087.95,1516.53,1910.14,2342.35,1540.44,598.038,575.144,2031.14,5299.96,9619.97,15829.5,19702.8,13558,4678.43,2274.75,2092.53,2467.84,4484.01,5291.31,3328.45,538.174,571.648,3444.53,5369.5,8363.77,16370.5,19013.3,9973.32,2604.09,2019.37,1188.93,52.0205,245.509,47.2882,761.896,4605.61,8407.65,8113.15,7498.42,9576.18,7826.23,2110.37,29.8316,1892.62,4535.05,5082.35,3174.35,1538.88,523.149,160.159,656.317,668.504,337.423,792.551,1031.19,686.361,361.153,1.69781,631.803,1021.73,103.639,435.281,954.202,443.546,1169.18,2489.6,3033.29,4368.18,6029.71,5049.81,2472.37,975.474,614.562,847.808
1.365333333,2105.49,1393.09,538.595,132.634,373.858,724.729,313.659,832.001,1933.16,1424.47,230.819,147.898,399.111,1063.75,2366.42,3082.05,3696.6,6798.24,9281.07,5467.62,1348.34,638.222,1160.87,2293.08,2441.52,2147.78,1702.78,429.586,263.1,1632.88,3567.02,8360.65,19828.9,25310.3,16233.7,5347.09,275.573,646.582,324.525,636.51,2156.54,533.221,575.37,2773.02,1860.46,1415.13,5737.6,9036.2,6016.19,2775.05,3323.91,2465.76,676.676,503.61,217.752,123.438,738.631,3686.7,9302.85,13655.5,19268,21668.3,12215.2,3628.51,1857.9,1440.96,1515.61,4262.44,5428.62,1493.47,2510.1,7274.06,5025.33,589.99,2701.07,4280.9,1288.81,469.085,2261.5,2052.33,631.366,1264.98,1500.1,826.043,1685.43,4029.04,4697.41,2856.47,2759.34,4673.84,5311.96,4466.38,2743.29,1569.22,2210.81,3457.56,2513.33,668.063,567.578,2949.47,7044.21,11273.7,19051.3,26675.3,17768.1,3865.99,2294.72,1849.57,2269.34,5029.19,6269.96,4378.45,951.101,988.27,4494.81,5913.89,7969.88,20812.6,27382.7,13076,1697.3,2744.72,2197.98,330.734,588.136,160.12,1191.16,7155.79,12361.3,9770.28,7410.74,12462.1,11775.6,2874.59,134.027,2033.37,5880.53,6561.92,3207.09,1752.81,524.213,87.1102,820.077,1243.61,926.238,1411.6,1315.7,685.654,464.918,43.5961,1052.77,2093.84,511.355,1125.04,2018.99,1216.11,2076.36,3380.95,3189.4,4884.1,8345.42,7517.14,3592.71,1256.05,747.365,958.875
2.730666667,2254.41,1342.45,444.761,92.73,370.824,993.2,189.368,961.289,2887.33,2078.71,212.759,197.637,717.246,1603.68,2870.11,3121.27,3346.38,6948.46,11745.1,7119.32,1099.25,850.528,2116.88,3692.81,3907.17,3658.95,2831.2,780.809,469.357,1697.25,3540.85,7544.71,22732.3,30760.8,17657.3,6111.58,358.432,1061.84,884.282,1367.31,3379.52,954.243,1013.85,3750.8,1806.89,947.329,6564.08,11027.2,6406.92,2012.18,3585.34,2862.86,406.53,587.458,345.193,188.344,663.378,3871.88,10368.4,13488.7,19520.1,25578.6,12889.7,2731.77,1546.43,1171.6,1034.61,4524.45,7840.55,3426.28,4639.15,10054.9,6418.77,175.435,3379.21,6064.16,2164.22,1026.18,2981.58,2584.12,289.836,1561.34,2232.84,1370.37,2359.4,5395.53,5812.35,2702.01,2571.92,6307.28,8347.46,6452.9,2927.56,1414.57,2114.49,4305.34,3827.04,694.952,574.33,3890.21,7759.67,11609.3,19060.8,31550.5,21280.3,2444.88,2260.5,1322.01,1864.82,4879.75,6348.06,5131.93,1503.86,1479.78,5183.38,5734.74,6153.23,23197.1,34431.9,15740.4,679.931,3477.02,3614.71,1030.77,1106.98,455.688,1855.13,9775.78,15792.3,10042.4,6008.87,13916.9,15797.7,4168.27,458.017,1646.88,6996.01,7628.84,2495.89,1926.75,450.731,51.502,827.478,2046.29,1889.5,2005.38,1420.69,598.065,481.004,238.657,1737.08,3671.01,1617.84,2431.73,3513.71,2269.69,2901.22,4066.94,2775.25,4685.2,10107.9,9406.83,4620.29,1331.1,748.116,988.967
4.096000000,2246.14,1110.17,325.18,77.8482,375.281,1230.89,148.729,1162.74,3795.51,2610.7,316.15,319.143,1124.01,1907.25,3133.2,2603.77,2700.38,5763.91,13384.1,8541.87,680.313,1004.6,3089.15,5351.65,4905.84,4953.4,4439.9,1227.37,532.656,1706.08,2868.67,5878.48,22523.6,33814.3,15919.7,6438.23,932.474,1689.16,1787.12,2525.27,4686.82,1681.7,1727.84,4574.62,1639.4,623.726,6447.34,12155.1,5935.89,1178.02,3193.48,3310.73,112.551,746.517,378.738,272.618,440.672,3850.61,9868.39,11694.7,16225.1,27393.3,12100,1689.97,997.284,867.872,520.867,4206.99,10094.2,6116.68,6856.12,11987.6,7648.57,243.273,3925.5,7596.79,3329.71,1599.74,3298.82,3179.41,50.918,1851.99,2778.49,1932.57,2627.63,6366.47,6515.27,2002.41,2039.06,7136.63,11819.8,7641.98,2747.82,963.24,1906.71,4279.76,5422.21,1031.01,940.924,4380.3,7261.01,10425.8,16005.5,32747.3,23498.9,1309.59,2214.76,765.323,1407.57,4079.66,5532,5263.47,2155.02,1776.69,5313.66,5007.16,3932.99,22399.8,38422.9,17722.8,187.371,3766.92,5421.08,2312.03,1577.16,806.786,2792.68,11847.4,17376.1,9224.57,3833.04,13498,18601.6,6420.81,959.027,958.927,7748.38,7898.41,1464.7,2012.91,438.779,51.2107,703.745,3070.68,3087.06,2283.11,1383.11,416.585,460.641,547.698,2556.48,5718.78,3495.24,4009.07,5102.16,3582.77,3125.3,4450.1,1968.89,4218.85,10476.9,10192.5,5309.33,1157.01,632.029,933.15
5.461333333,2121.85,802.295,182.886,115.44,434.413,1332.79,282.783,1490.85,4483.43,2785.09,557.082,559.052,1530.64,1861.71,2998.78,1876.74,1899.07,3757.08,13763.8,9995.55,237.227,1038.92,3570.26,7361.85,4959.89,5428.74,6811.97,1762.25,325.439,1875.09,1635.14,3970.18,19546.3,34068.8,11574.9,6300.44,1875.87,2342.25,2954.43,3905.84,5586.74,2659.5,2590.87,4833.6,1645.2,599.247,5320.55,12221.1,4977.32,554.781,2250.82,3774.52,149.421,1043.39,267.947,393.572,170.61,3923.01,7816.28,9081.86,10294.6,27387.2,10488.5,992.928,346.226,590.231,230.694,3273.58,12152.4,8603.52,8227.55,12727.2,8212.85,946.984,4319.09,8213.57,4679.25,1966.6,3053.86,3846.6,193.198,2045.29,2897.33,2381.08,2370.09,6595.7,6914.31,968.198,1457.35,6749.04,15570,7601.71,2256.9,416.329,1928.09,3030.37,7298.3,2378.18,2143.4,3762.42,6347.02,7491.06,11909,28742.1,25019.1,1108.95,1960.14,493.564,1052.87,2807.43,4387.78,4407.88,2811.09,1843.37,4637,4499.33,2431.17,18193,38498.1,19357.6,293.547,3281.01,7662.13,4095.42,1724.81,1086.81,3940.52,12734.7,16286.5,8053.16,1700.42,11593,18690.3,10148.7,1699.71,626.377,7605.04,7398.8,586.686,2270.59,565.656,48.6637,693.431,3854.11,4436.4,2161.84,1195.86,257.804,524.575,825.336,3115.04,8150.22,6006.94,5115.22,6259.66,5081.74,2549.84,4502.8,1357.49,4073.83,9052.51,9751.58,5595.89,757.068,425.309,843.926
6.826666667,1862.1,543.183,64.248,186.561,502.908,1331.09,516.476,1865.35,4991.21,2349.64,949.094,1032.63,1643.88,1627.53,2325.76,1373.31,1245.42,1615.17,13314.1,11322.6,149.016,952.949,3432.02,9500.81,4168.29,5223.67,9555.1,2659.83,82.3147,2261.29,467.669,2229.27,15758.8,31243.8,6663.81,5539.9,2923.55,2802.55,4041.73,5192.51,5659.58,3622.6,3371.21,4315.11,1933.25,921.734,3498.76,11399.1,4069.06,239.192,1228.6,4087.42,748.18,1457.75,160.642,598.551,85.8701,4333.24,5000.91,6370.89,4362.96,25622.2,9735.54,743.14,36.6737,451.617,142.431,2314.18,13845.7,9771.8,8335.55,12003.6,7841.87,2161.59,4336.2,7697.15,5877.36,2006.19,2414.81,4518.17,807.26,2001.93,2605.79,2510.61,1722.65,6089.32,7035.87,191.285,900.563,5680.73,18644.2,7050.65,1606.75,320.766,2342.31,1254.88,9294.83,5141.64,4243.02,2531.73,5439.81,3958.74,8170.38,20894.7,25624.5,2398.05,1576.3,369.553,1040.88,1560.04,3475.02,2709.46,3514.18,1515.62,3960.72,4277.06,2176.34,12485.9,34115.6,21792.4,634.76,2372.72,10291.8,5807.43,1572.17,1202.29,4937.87,12077.8,13066,6697.93,592.754,9159.29,15420.4,15462.5,3152.69,1354.53,6087.5,6545.74,452.269,2567.08,1054.4,115.352,905.392,3962.11,5721.45,1828.95,994.358,330.705,721.264,945.499,3224.66,10694.2,8656.37,5070.16,6915.3,6184.82,1631.62,4077.16,1670.06,4704.85,6296.28,8554.09,5447.94,351.459,205.673,735.584
8.192000000,1466.68,368.482,27.2041,290.247,474.603,1305.37,740.552,2052.89,5407.86,1464.07,1448.17,1928.2,1252.59,1476.09,1190.67,1391.82,1216.75,177.876,12711.1,11944.5,669.263,889.356,2716.66,11761.4,3131.33,5217.8,11559.6,3894.2,192.435,3169.8,199.348,1017.17,13388.8,25603.9,3056.5,4479.62,3608.58,2877.65,4737.4,5888.98,4950.97,4124.05,3881.19,3102.26,2477.08,1451.23,1727.88,9746.53,3808.76,195.996,524.583,4289.81,1649.15,1923.2,290.594,1024.31,468.762,5001.98,2561.53,4186.54,708.26,22658.8,10888.8,1111.34,454.112,532.493,168.956,2020.65,14716.4,9438.85,7037.62,10243.9,6395.27,3699.64,3544.12,6682.52,6113.48,1956.38,1514.23,5469.46,1650.75,1570.46,2141.87,2176,951.212,5393.53,6751.93,53.1593,550.542,4674.84,20143.5,6839.36,1110.62,1359.12,3474.67,145.284,11432.5,8413.45,6808.06,1759.54,5194.79,1332.26,5622.55,12365.6,24966.7,4608.22,1337.08,191.421,1425.47,1048.79,3225.53,1023.7,4462.87,1125.45,4007.28,4086.65,2806.55,7409.35,26650.5,25880.7,993.781,2176.46,12617.7,6905.65,1250.9,1082.86,5455.57,10178.7,8736.93,5405.26,815.218,6909,9726.96,21839,6526.27,3460.78,3379.33,5905.73,1006.85,2582.32,2123.68,487.351,1418.24,3057.62,7028.31,1589.41,1030.5,702.308,960.898,936.275,2874.07,12757.2,11174.1,3659.89,7277.14,6354.98,864.792,3217.86,3205.9,6401.8,3408.47,7155.31,5156.07,91.5981,62.9023,603.249
9.557333333,1156.46,204.347,132.277,442.664,307.442,1325.7,821.001,2058.81,5542.93,763.562,1887.42,3298.41,720.454,1564.8,192.792,2133.22,2096.49,264.942,11569.7,12051.1,1641.25,755.043,1986.58,13511.8,3287.54,6120.4,12180,4753.54,1105.91,5023.95,1816.56,992.926,12492.6,18901,1507.25,3462.62,3586.83,2575.37,4779.99,5757.28,3730.93,3887.93,3977.36,1640.03,3109.9,2004.21,659.78,7637.41,4034.12,392.975,492.323,4549.99,2217.34,2333.67,991.279,1929.38,1441.24,5178.4,1520.58,3098.31,237.152,18974.2,13510.7,2489.72,1810.94,908.814,244.395,2344.5,14643.7,8055.55,5013.37,8068.42,4243.97,5192.9,2158.39,5518.29,5245.79,1846.3,906.404,6590.48,2583.38,856.153,1814.37,1460.74,499.315,5310.26,5839.09,444.958,543.268,4610.04,19615.3,7009.81,1233.65,3909.8,5714.56,1169.54,13177,10722.3,9487.92,2233.19,5840.18,1128.62,4123.51,6062.02,23653.6,6152.02,1340.19,12.5183,2384.36,1662.79,3907.4,501.17,5416.06,1607.37,4805.45,4007.62,3480.43,3981.99,19264,31529.2,1803.31,3559.96,13460.8,7364.29,822.709,1003.03,4839.2,8203.32,4239.81,4850.59,1365.18,5431.35,4048.4,28485.5,12663.5,6405.9,997.193,5453.31,1795.11,2386.07,3557.27,1477.68,2173.17,1600.69,8314.95,1962.53,1318.27,1196.41,1255.59,814.865,2415.56,13668.4,12990,1732.62,7540.98,5648.1,432.863,2291.3,5984.9,8812.48,1634.43,5749.22,5186.8,70.6121,114.726,492.505
10.922666667,1064.36,75.8354,420.517,603.479,112.506,1374.6,763.045,1899.82,5455.43,555.491,2189.47,4961,691.935,2010.63,226.209,3758.8,3793.66,1803.56,9785.67,11600.8,2656.66,568.994,1506.94,14748.7,5327.49,7933.32,11520.7,4646.8,2948.32,8004.31,5837.41,3077.4,11627.9,12846.8,1898.86,2544.99,2955.73,1912.8,4224.3,4880.83,2318.9,3080.05,3536.97,493.921,3784.55,2477.4,589.607,5315.79,4416.73,683.474,1027.97,5095.94,2043.48,2677.96,2601.8,3317.43,2762.32,4700.9,1759.63,3011.38,2653.22,15201.5,15474,5579.77,4088.12,1448.59,324.484,2862.82,13857.8,6299.14,3072.06,6333.58,2142.2,6270.98,777.745,4478.1,3594.59,1730.25,971.789,7514.05,3558.08,270.081,1795.35,863.623,953.395,6119.54,4605.84,945.4,884.849,5950.55,17041.8,7193.42,2367.94,7642.37,9137.78,4863.61,14087.4,10954.2,11481.7,4555.99,7276.8,3073.65,3262.95,3499.03,22614.5,5655.84,1713.79,211.145,4116.03,3418.08,5117.1,1565.32,6600.34,3322.94,5844.76,4245.11,3255.6,2550.21,15600.7,36540.5,4006.81,6250.98,13032.6,6561.36,765.934,1162.64,3064.56,6893.88,1209.05,5244.23,1169.08,5003.49,1460.88,34143.8,20992.8,9365.7,66.1517,5427.36,2228.29,2107.43,5033.87,3090.52,3003.22,463.29,9471.36,3395.55,1760.99,1453.55,1632.74,685.735,2152.9,13134.9,13536.6,511.658,7789.69,4780.51,216.191,1931.66,9702.97,10880.3,1465.92,4832.34,5326.3,357.569,439.801,476.639
12.288000000,1287.5,143.09,849.42,668.058,11.6796,1451.16,666.038,1733.67,5192.64,797.538,2342.31,6626.28,1682.97,2910.54,1680.99,6096.36,6100.96,4027.6,7385.47,10624.7,3276.3,393.086,1591.43,15129.6,9077.13,10283.3,9687.68,3682.77,5268.43,11894.2,11802.3,7654.83,9628.38,8252.26,3291.88,1813.63,2039.61,1028.75,3427.76,3455.5,1090.79,2224.47,2438.48,131.602,4610.83,3228.78,1036.48,3248.23,4692.43,894.768,1562.36,6076.32,1425.7,3288.25,5395.4,4727.32,3720.09,3913.75,2462.07,3638.06,6499.94,11726.4,14789.1,10913.4,7124.44,1872.41,366.401,3488.86,12105.8,4971.57,2107.12,5332.66,1077.56,6516.69,86.8661,3722.65,1804.74,1626.1,1609.77,8032.94,4425.2,207.527,2130.7,1061.63,2660.78,7519.35,3561.06,1171.26,1666.66,8188.51,13085.5,6941.99,4273.49,11395.8,13623.8,10476.3,13603.1,9190.97,11946.6,8287.03,9128.99,5769.63,2864.18,4162.98,21872.6,3762.87,2642.09,1563.42,6503.25,5596.48,6277.19,3906.59,8186.28,5875.03,6421.41,4737.56,1947.14,3168.01,17340.5,38678.2,7542.93,9426.25,11936.3,4522.28,1469.66,1768.72,1101.63,6424.28,805.874,6152.22,393.465,5429.68,3306.03,37976.2,29459.1,11447.1,921.146,5876.08,2135.93,1911.32,6176.49,4971.2,3696.05,294.327,10494.6,5821.08,2184.22,1310.37,2028.4,697.535,2146.11,11289,12660.5,791.736,8070.01,4382.45,101.412,2488.94,13874.9,11841.6,2163.21,4655.3,5355.02,806.443,888.075,624.823
13.653333333,1706.03,603.598,1413.64,561.089,35.4806,1628.59,658.813,1762.9,4638.8,1297.1,2459.18,7639.33,3910.97,4396.93,4008.79,8503.33,8785.94,5970.81,4614.03,9300.74,3307.82,259.139,2128.72,14796.3,12919.7,12375.7,7281.26,2433.87,7030.54,15903.8,18814.4,13722.8,6587.56,5189.57,4441.56,1397.67,1116.97,245.639,2730.57,1877.32,367.997,1623.12,1118.52,602.266,6034.46,4781.01,1309.93,1906.63,4495.28,1019.04,1822.6,7158.91,1400.63,4327.48,9580.33,5872.74,3535.01,3254.99,2595.54,5123.08,9796.39,8428.03,11755.4,17262.4,10974.4,2236.01,250.282,4447.55,9068.24,4507.08,2760.46,4734.34,1184.53,6315.57,402.524,2984.96,630.645,1479.49,2543.84,7766.91,5169.26,850.908,2749.64,2257.97,5419.91,9140.76,2846.27,1094.68,2879.15,10100.9,9031.81,5872.87,6325.05,13553.8,18662.5,16265.2,11640.3,6281.34,10547,12217.9,10997.1,7313.44,3052.86,6091.06,20787.4,2854.31,4182.05,4872.7,9417.64,6900.44,6993.43,6917.3,9514.44,8191.11,6617.43,4643.3,658.016,5494.76,23488,37551.3,10618.7,12532.7,10663.8,2446.76,2851.39,2465.23,259.354,6994.24,2899.89,6896.74,45.7378,6285.26,8495.64,40054.9,34558.4,12455.3,3064.11,6536.88,1849.71,1757.33,6871.35,6421.08,4054.55,1281.43,11352.6,8430.26,2592.61,801.489,2401.31,871.487,2206.97,8751.12,10443.9,2650.33,8340.95,4511.15,143.029,3807.91,17795.2,11704.6,2565.96,5230.62,4867.45,1270.51,1307.35,908.286
15.018666667,2121.03,1514.15,2125.89,357.33,122.541,2049.64,946.705,1826.47,3909.14,1772.53,2320.77,8026.17,6664.02,6137.12,6433.97,10280.8,11036.6,7153.01,1966.82,8066.29,2748.37,183.851,2539.54,14243.2,14900.7,13066.9,5508.44,1358.69,7326.74,18610.4,26236,18888.9,3878.01,3172.8,4789.69,983.771,554.744,4.16611,2036.13,628.913,328.534,1505.58,136.459,1983.1,8417.43,6963.3,1331.84,1152.43,4100.6,912.458,1960.86,7773.16,2552.02,6165.99,14746.1,6644.26,2463.77,2922.33,2011.88,7256.21,10986.1,5660.49,7892.02,22688.8,15153.9,2738.49,149.013,5399.57,5793.41,4281.19,4641.3,4332.29,1985.58,6043.19,1621.82,2100.41,224.819,1378.7,3222.81,6680.13,5782.31,1913.93,3477.78,4180.47,8559.34,10274.1,2552.24,929.062,4450.6,10449.1,5991.42,4009.81,7919.76,13060.8,23293.3,20563,8365.73,3383.56,8159.86,14666.5,12150,7200.84,3419.36,7437.8,19244.4,4264.62,6156.99,10644.8,12727.6,6153.64,7562.13,9202.27,9985.32,9523.3,5851.79,4172.37,542.736,8978.3,30694.7,34470.7,10922.8,15503.5,9976.83,1342.01,4496.54,2959.23,903.177,8568.73,6699.56,6965.94,785.481,7324.11,14752.8,39574.4,34397.7,12197.6,5265.93,7457,1623.99,1605.37,7041.5,6873.72,3927.62,3177.15,11847.1,10003.4,3102.64,231.276,2732.1,1101.01,2137.58,6091.2,7504.36,5298.84,8323.75,4835.22,484.326,5371.08,20302.6,11512.3,1954.16,6318.62,3754.56,1626.12,1686.74,1087.61
16.384000000,2302.39,2791.09,2924.56,232.224,285.415,2672.54,1688.18,1771.11,2978.14,2139.02,1795.06,7988.69,8889.77,7417.62,8293.76,10798.4,11925.9,7511.44,324.615,6918.47,2023.43,127.2,2689.42,13291.9,14101.4,12028,4607.34,823.157,6281.25,18819.1,32908.4,21363.6,2335.29,1940.29,4416.61,555.725,260.002,166.928,1609.08,65.8867,702.35,1838.66,225.027,4299.61,11741.8,8820.46,1274.39,911.274,3720.72,596.782,2024.04,7593.25,4685.33,9017.56,19819.7,7160.86,1403.19,3026.82,1434.17,9504.74,9760.1,3728.48,4828.89,25626.2,18703.3,3539.64,279.461,5901.14,3261.22,3819.75,6782.49,4087.4,2593.7,5901.01,3152.19,1239.33,319.065,1432.84,3163.73,5180.1,6131.11,2891.94,3925.03,6282.79,11354.1,10143.4,2661.45,1148.6,5694.8,9200.56,4059.03,2458.13,8080.17,10787.3,25306.3,23006.3,4469.7,1549.18,5807.95,14586.5,11975.5,5846.35,3542.55,7584.05,16640.4,7807.56,9094.41,17749.4,15692.6,3993.32,7714.21,10194.9,8854.94,9960.96,3956.91,3824.16,2045.46,12506.9,35448.3,30698.8,7878.88,18306.9,10279.5,1514.17,5886.59,3243.43,2539.63,10656.7,10991.3,6374.53,2247.3,8466.9,19501.1,35676,29538,10571.8,6479.91,8386.48,1774.21,1414.77,6636.55,6270.77,3292.51,5367.34,11605.3,9861.35,3663.42,69.1674,2923.79,1291.17,1797.6,3797.21,4741.76,7307.53,7838.02,4892.07,1105.3,6399,21119.1,11544.7,881.075,7378.18,2604.78,1688.81,2118.7,941.48
17.749333333,2279.23,4020.39,3701.96,374.693,612.737,3342.96,2663.61,1517.91,2039.37,2278.56,1046.07,7651.58,9644.07,7862.64,8840.04,9900.69,11025.3,7093.55,170.818,6028.16,1385.93,57.172,2698.49,11638.1,11088.8,9369.82,4481.62,1114.59,4351.07,16476.7,36955,21136.1,1775.89,1437.55,3600.03,303.808,104.322,441.422,1393.56,180.73,1234.51,2628.58,1511.76,7204,15538,9532.33,1228.26,1074.09,3503.42,236.893,1780.78,6922.35,6995.09,11934.5,23756.7,7871.82,1195.26,3494.8,1648.04,11307.4,6771.07,2781.43,3710.3,25301.6,20515.7,4570.77,754.477,5768.86,1936.81,3305.05,8087.57,3904.41,2331.06,5989,4285.09,578.675,605.375,1812.73,2302.41,3741.07,5884.2,3427.14,3800.84,7906.1,13054.1,8734.48,2814.55,1918.71,6111.28,6740.92,3421.28,1965.25,6551.35,7680.33,23923.9,23407.5,1556.25,706.837,4257.01,12338.3,10123.2,4228.42,3021.06,6567.16,12969.4,12334.1,12993.1,23385.1,18107.3,1592.14,7711.1,9335.5,6675.01,9188.06,2001.13,3656.76,4663.09,14990.9,35293.6,27226.5,3364.36,19697.4,11615.5,3045.27,6398.51,3128.37,4420.7,12914.4,13888.8,5690.2,3257.31,9723.7,20688,28772.1,21976.2,8016.47,6188.42,8928.56,2460.24,1129.59,5757.58,5075.93,2288.07,7173.93,10338.6,8179.57,4108.25,470.403,2970.1,1354.49,1303.67,2189.22,2723.32,7660.45,6807.49,4480.86,1787,6428.03,20119.5,11753.9,359.137,8092.14,1843.27,1531.85,2576.8,531.267
19.114666667,2044.1,4866.07,4168.73,882.068,1208.44,3900.58,3298.94,1238.32,1299.3,2179.12,515.893,6763.46,9028.39,6923.4,8297.62,7424.93,9128.56,5696.43,1426.09,5771.5,758.398,16.6048,2520.84,9431.32,7128.71,6067.5,4775.77,1800.74,2392.39,12416.8,37236.2,19096.6,1554.22,1549.9,2813.72,191.568,52.0183,678.752,1157.14,686.788,1998.52,3615.37,3231.96,10460.8,18883.3,8744.23,1263.41,1345.52,3501.53,97.3385,1224.72,6013.17,8657.13,13511.2,25849,9081.25,1909.02,4245.03,3104.97,12023.6,3541.94,2507.41,4707.96,21828.7,20047.1,5630.95,1319.47,5200.29,1755.14,3172.95,8000.5,3647.03,1442.27,5981.79,4730.36,184.057,985.883,2494,1194.52,2402.37,5150.37,3200.19,3256.35,8324.2,13370.5,6479.09,2724.85,2911.5,5710.03,3748.18,3926.23,2836.03,3882.84,4737.63,19705.5,22302.1,473.536,622.819,3732.11,8770.8,7292.12,2803.21,2038.7,4855.8,8719.89,16542.5,16791.9,24773.8,20301,421.712,7129.12,7398.38,3888.31,7641.05,977.111,3550.93,7449.57,15653.8,29878.2,24410.2,353.052,18983.4,12803,5563.09,5947.28,2574.12,5894.73,14647.5,14425.6,4956.21,3179.46,10857.1,17898.6,20310.4,14341.6,5150.24,4384.14,9187.02,3456.57,647.976,4826.17,3718.28,1180.32,8198.17,8156.23,5878.29,4077.05,1131.05,3222.45,1040.89,830.515,1471.68,1659.82,6368.81,5417.64,3473.09,2315.45,5452.04,17641.4,11717.3,1082.17,8349.18,1642.22,1435.92,2784.4,180.965
20.480000000,1716.89,5099.1,4113.01,1628.19,2077.55,4197.92,3216.67,1071.11,911.357,2117.04,478.273,5178.95,7720.66,4570.77,7331.88,4032.78,6973.89,3753.55,3626.65,5970.84,322.981,117.711,2041.57,7101.04,3615.18,3058.24,5133.84,2312.67,1010.31,7985.44,34117.9,16179.4,1305.9,1833.18,2331.09,87.5266,126.881,876.692,763.4,1424.71,3200.08,4181.5,4574.51,14080.5,20212.9,7068.01,1241.86,1495.34,3603.8,440.854,601.093,4962.6,9239.84,12725.3,25682.3,11043.9,2912.44,4818.01,5859.51,11453.2,1345.82,2286.35,6773.36,17110,16489.3,7237.82,1403,4625.53,2721.69,3405.83,6564.67,3428.8,759.644,5251.03,4686.78,239.791,1680.8,2971.18,464.944,1301.72,4171.41,2310.2,2407.87,7517.37,12254.7,4140.4,2221.12,3627.88,4827.01,1326.08,4882.4,4522.05,1627.48,2565.83,13819.8,21290.1,891.237,791.925,3639.53,5457.96,4537.71,1587.21,1207.91,3068.49,4518.67,19763.5,18863.7,21396.5,22283,1351.6,5803.02,5218.02,1375.43,5973.23,981.95,3379.88,9851.19,13725.1,21791,21328.7,996.923,16728.3,12509.3,7896.58,5303.41,1530.92,6903.18,14413.2,13376.3,3783.11,2446.46,10961.4,13013.2,12048.3,8426.89,2791.53,1945.52,9150.54,4344.91,179.731,4134.16,2431.49,403.618,8261.7,5821.02,3711.08,3719.3,1599.82,3684.43,623.079,439.566,1337.84,1799.68,4448.29,3897.9,2208.52,2606.24,3543.44,14862.9,11038.8,2535.06,8365.44,2133.5,1402.84,2570.07,211.469
21.845333333,1598.58,4578.82,3555.15,2397.5,2966.66,4167.27,2449.84,1112.63,1003.93,2132.26,887.519,3382.05,5993.42,1912.84,6386.7,1100.17,5138.53,1939.21,5761.26,6420.87,332.912,439.046,1309.89,5206.33,1221.63,1020,5335.29,2281.27,371.096,4757.08,28120.1,13867,715.226,1999.32,1866.83,145.865,402.084,1130.04,304.236,2375.25,4599.82,4138.96,5065.22,17094.6,19548.1,4811.17,1173.89,1424.37,3833.85,1057,201.071,3899.97,8786.47,9545.53,23610.9,12982.2,3813.44,4576.88,9199.45,10288.4,402.822,1793.94,8979.11,11921.8,11434.6,8933.5,1072.38,4172.48,4935.07,3650.75,4439.24,3388.13,681.569,3959.52,4093.82,926.836,2729.44,3269.2,101.858,661.924,3267.4,1236.28,1301.89,6317.16,9626.97,2446.91,1613.47,3463.49,3977.33,131.565,5972.68,5956.78,633.035,1359.15,8503.89,20767.9,2109.32,937.453,3518.43,3344.02,2439.06,1176.87,688.689,1788.21,1423.87,22071,17752.5,15887,22814.4,4126.4,4425.12,3060.97,64.1735,4818.32,1275.92,3370.95,11332.3,9637.13,13438.8,18140.4,5017.78,13247.8,10725.5,8823.81,4890.08,537.09,7131.09,12139.4,11240.6,2471.88,1462.7,9888.51,7947.87,5827.74,5036.74,1299.74,346.292,8728.72,4554.88,6.95408,3898.32,1354.39,112.412,7806.84,4008.85,2326.38,3195.72,1621.52,4173.88,641.984,124.703,1589.71,3298.43,2761.87,2666.71,1309.25,2638.16,1432.13,12703.1,9741.77,3688.98,8481.9,2951.5,1310.12,2065.8,646.461
23.210666667,1920.59,3464.4,2725.64,2848.51,3592.07,3827.72,1390.89,1323.36,1422.67,2281.37,1400.65,1850.44,4065.9,309.178,5615.88,24.6351,4116.34,761.209,6700.07,6908.86,1040.44,1025.76,473.05,4092.26,188.569,100.707,5328.47,1904.78,162.897,3264.28,21135.8,12132.6,105.233,1954.53,1322.49,563.087,958.814,1458.74,85.0824,3432.09,5831.44,3444.77,4693.29,18222.8,17966.5,2364.18,1197.98,1331.15,4157.06,1485.21,36.5906,3180.33,7512.79,5253.33,20635.8,13225.4,4431.99,3444.46,12055.3,9658.76,131.927,1129.43,10644.6,7103,6605.53,10028.9,730.558,4102.52,7835.51,3742.06,2589.34,3696.09,1004.35,2594.9,3037.69,2016.51,4129.67,3513.05,8.16969,602.853,2746.7,418.272,392.444,5344.22,6102.03,1776.84,1227.73,2278.39,3523.93,538.308,6780.16,6320.15,859.987,882.638,5805.88,20271.2,3411.66,881.369,3038.57,2396.85,1517.58,1976.35,474.246,1238.02,561.781,23451.2,14235.7,10275.4,22136.5,7184.26,3177.55,1308.95,436.953,4542.9,1051.34,4050.64,11370.3,5126.57,6516.1,14962,10168.7,9468.61,7881,7763.94,4845.52,347.684,6461.54,8707.77,8519.09,1492.88,672.774,7686.09,4466.37,2442.18,3680.75,675.491,528.994,8174.47,3700.65,386.248,4182.32,648.648,292.143,7173.42,3323.97,1818.87,2616.88,1210.38,4599.71,1363.32,2.08467,2234.21,5789.54,1979.12,2059.92,985.671,2466.67,277.52,11725.8,8100.93,3931.61,8629.53,3589.07,1143.38,1459.77,1210.76
24.576000000,2627.73,2254.05,1849.15,2799.33,3692.96,3370.62,502.166,1603.65,1831.05,2488.27,1624.75,802.34,2403.13,201.827,5122.91,1494.55,4149.05,645.981,5668.5,7659.31,2228.54,1593.58,21.6707,3737.41,298.48,133.276,5508.72,1563.69,58.4038,2700.43,15457.8,9794.73,219.994,2036.31,780.731,1555,1921.72,1714.8,236.792,4282.59,6836.49,2193.38,3888.3,16578.3,16785.4,458.897,1478.27,1605.77,4241.42,1591.1,44.9828,2715.76,5945.85,1940.5,16896.4,11651.2,4254.12,2161.36,13043,11122,15.0636,1201.19,10979.5,3645.7,2899.53,10454.4,825.977,4222.47,10256.2,4177.18,1899.94,4523.43,1163.53,1672.2,1641.7,3363.33,5535.11,3744.64,138.361,1037.75,2752.56,334.929,145.642,4432.73,3073.08,1823.4,1435.71,804.168,3691.99,2160.06,6862.61,5650.78,1712.48,864.794,5847.48,19377.7,4304.53,713.77,2075.14,2439.89,1824.37,3294.44,681.839,1552.66,2394.48,23921.9,10092.8,6018.43,20602.9,8863.36,2147.29,312.88,1986.05,5544.14,286.035,6226.44,9658.29,2106.3,2095.54,11497.9,13785,6249.07,5115.77,4867.43,5296.4,1541.04,4989.25,5107,6419.54,673.453,530.726,4927.5,2937.52,1688.53,3470.54,672.742,1908.45,7890.16,2115.15,1313.11,5153.27,533.818,963.063,6204.96,3642.14,2278.98,1910.74,730.271,4690.34,2820.83,361.128,3579.79,7989.38,2509.96,2205.31,964.383,2179.79,901.818,12306.3,6435.69,3525.93,8399.23,3713.58,844.183,986.129,1518.53
25.941333333,3165.12,1523.23,1197.62,2279.54,3282.97,2996.45,130.787,1726.61,2006.22,2609,1377.59,220.227,1370.16,1007.34,4973.46,5067.43,5334.38,1607.43,3363.91,8388.88,3693.73,1880.85,202.919,3899.35,1352.33,974.503,5982.5,1640.43,11.3171,2491.81,11211.7,6746.14,1621.63,2588.81,705.78,3350.05,3144.32,1751.76,635.91,4991.09,7086.41,1094.12,2895.32,12759.4,16257.6,135.544,2399.84,2426.3,3676.2,1568.49,181.36,2144.45,4785.84,1022.35,12559.8,8927.51,3221.77,1146.85,12033.9,15352.3,859.212,3538.4,9775.06,1732.86,1188.03,10054.6,1641.54,4123.03,11604.8,5175.07,2645.99,5964.76,951.358,1253.19,404.164,4934.88,6387.93,3732.19,582.574,2022.05,3317.16,874.971,544.591,3711.97,1240.07,2077.19,2671.8,345.448,4519.56,4165.96,5906.12,4661.24,2257.05,1260.83,7637.22,17957.1,4453.77,546.205,1159.48,3074.14,2740.93,4179.84,1429.66,2738.15,6479.76,23303.5,7008.48,3823.05,18484.7,8167,1571.09,102.778,3504.71,7742.77,508.221,10228.2,7650.61,886.03,385.397,7721.54,14739.2,4015.1,3531.46,1682.45,6062.83,3697.95,3258.62,2405.3,5144.74,79.3065,1492.61,2542.09,2667.02,3001.03,3319,931.933,3612.8,7876.39,834.068,2558.07,6419.92,1357.61,2154.42,4969.45,3938.74,3777.49,1274.13,355.284,4507.17,4872.83,1570.26,5455.84,8998.72,3915.29,2798.96,1106.2,2020.98,3150.55,14273.1,5425.72,3124.78,7403.31,3370.13,425.503,651.426,1474.37
27.306666667,3278.98,1314.93,1021.67,1566.1,2562.07,2909.57,251.442,1585.28,1824.3,2562.2,825.56,25.2974,906.121,1757.54,5056.46,9370.21,7916.56,3274.39,1207.57,8504.45,5054.6,2032.53,811.471,4098.3,3182.23,2789.85,6644.4,1769,23.2584,2420.93,7892.71,3748.82,3672.13,4003.43,1962.19,6197.82,4071.39,1536.32,1276.35,5119.86,6727.77,477.906,2035.32,8417.95,15690.9,1973.71,4047.67,3814.25,2468.36,1564.69,369.099,1609.42,4155.17,2088.24,8535.02,5722.17,1897.79,468.539,10237.6,21529,4405.57,9070.75,8254.39,812.332,1695.87,9003.11,2754.46,3812.41,11301.5,6985.78,4600.5,7440.06,644.055,1199.14,46.5596,6503.11,6481.89,3199.12,1497.02,3458.33,4257.87,1679.5,1233.55,3009.87,829.654,2378.16,5250.96,1671.26,5722.62,5625.98,4438.62,3578.58,2119.73,1899.16,9889.35,16465,3533.48,416.984,826.602,3392.13,3919.96,4359.2,2373.98,4442.33,12196.2,21183.7,5348.76,4117.48,15332.8,5977.5,1266.43,179.428,4567.47,11234.7,3007.92,14852.6,7700.77,882.792,868.438,4129.64,13553.7,3461,3183,99.1086,6484.7,6102.72,1847.36,1058.94,4289.16,158.121,3530.63,1536.87,3081.5,5707.36,2720.08,1240.41,5151.55,7805.76,412.893,3519.43,8113.76,2965.82,3677.67,3679.89,3646.53,5890.55,1290.68,136.493,4241.95,7364.68,3525.43,7152.8,8742.54,5360.97,3540.36,1185.29,1944,6192.91,16944.6,5707.74,3136.02,5669.51,2766.3,90.9583,436.819,1203.51
28.672000000,2973.08,1439,1291.13,1004.83,1928.81,3045.68,649.704,1217.6,1371.93,2249.47,414.082,45.14,813.052,1886.8,5176.4,12758.6,11711,5206.51,238.242,8109.39,5574.13,2107.12,1392.22,4242.24,5188.73,5493.6,7461.55,1449.76,128.753,2033.6,5482.5,1527.85,5332.11,6569.21,5248.53,9400.99,4626.47,1036.8,1992.33,4658.88,5690.01,760.078,1394.74,5079.46,14657.4,5039.9,6165.41,5696.08,1081.05,1646.29,456.056,1318.62,3948.68,3762.83,5303.7,3010.22,791.779,131.879,8623.86,28167.8,12074.4,17349.7,7759.24,561.529,3606.2,7698.53,3405.58,3290.68,9504.79,9125.87,7094.3,8379.49,736.905,1376.65,654.381,7901.65,6068.91,2229.54,2960.75,4862.43,5190.84,2475.75,1838.69,2166.66,1313.17,3133.49,8918.3,4754.94,7141.42,5750.58,2934.56,2538.08,1341.93,2753.6,11346.4,14992.4,1949.94,487.879,903.76,3058.85,4971.72,3923.9,2999.45,6520.04,18081.5,18005.1,4082.42,5887.63,11772.8,3403.11,1163.39,253.834,5203.05,15501.4,8148.73,18889.9,10044.4,1812.85,2734.1,1472.34,11555.3,5099.03,3486.97,409.967,6663.54,7760.37,1228.75,590.909,3629.31,1269.04,6174.1,2379.36,4523.41,9113.96,1954.61,1463.25,6313.53,7290.41,787.498,4245.02,9640.76,4884.8,5351.16,2658.22,3148.72,7869.09,2057.17,55.1534,4338,9919.42,5637.91,7844.12,7691.42,5782.45,4416.71,1077.12,1876.65,9437.89,18728.6,7230.42,3751.7,3490.02,2078.93,70.465,326.261,850.48
30.037333333,2449.24,1559.95,1738.19,913.293,1774.25,3038.13,1064.79,833.231,837.456,1662.56,381.372,121.565,1037.88,1345.83,5181.89,14178.3,15670,7239.27,798.92,7376.03,4937.29,2096.75,1631.4,4095.72,6854.36,8739.4,7937.87,951.511,323.483,1457.4,3537.85,571.758,6130.62,10656.1,9729.05,11762.2,5119.05,396.307,2719.51,3489.41,4409.92,1778.03,965.218,3333.97,13270,7441.46,8473.6,7721.86,267.494,1700.58,453.224,1212.18,4028.32,4570.77,3212.42,1211.41,233.97,128.097,7566.68,33109.2,24286.1,26444.1,8836.86,906.578,5706.61,6324.27,3210.27,2442.21,7344.22,10345.8,9042.9,8795.38,1316.44,1539.03,1984.85,9312.32,5255.32,1253.2,4656.35,6233.67,5182.76,3296.14,2115.17,1312.73,2063.66,4577.79,12816.1,9180.13,8221.09,4636.63,1537.32,1786.36,464.218,3563.44,11081.4,13496.6,790.825,740.34,1094.36,2357.09,5247.07,3466.37,2711.37,9250.37,21772.9,14680.7,2553.09,7421.81,8877.59,1359.2,1007.31,295.25,5513.56,19086.7,15703,21080.5,12957.7,4014.73,5275.75,181.247,9665.11,8356.01,4300.43,1717.24,6595.68,8162.04,1278.97,482.418,2835.13,3393.78,9354.25,5260.79,7349.46,11768.7,1882.23,1750.29,7009.33,5918.35,1898.74,4990.36,9896.58,6829.26,6707.61,2281.4,2826.5,9373.67,3177.53,186.777,5015.38,11831.8,7227.62,7235.72,6149.11,4968.2,5154.26,987.66,1839.27,12397.8,18479.5,8874.24,4719.85,1495.48,1496.57,222.18,311.048,664.091
31.402666667,1717.39,1610.12,1932.61,1334.71,2183.37,2617.84,1372.08,474.029,446.536,998.44,614.735,277.168,1507.47,586.188,4884.68,13476.3,18200.7,9368.8,2685.66,6310.54,3540.79,1890.47,1496.44,3569.05,7462.48,12283.7,7635.09,584.745,413.934,977.238,1969.85,681.368,6761.01,15575.3,13573,12781.8,5464.92,35.9767,3201.12,2054.23,3250.33,2868.24,704.592,2905.03,12080.5,7310.99,11052.3,9692.22,221.683,1466.34,585.028,1368.18,3849.32,4271.43,1880.02,318.821,348.562,348.026,7268.43,33798.3,39515.6,34544.7,10534.5,1824.16,7162.08,5055.48,2297.07,1305.65,5749.05,9776.36,9785.96,8590.35,2079.83,1651.81,3544.56,10481,4502.25,736.828,5765.18,7520.09,4027.64,3980.86,2204.2,703.886,2741.31,6006.63,16227.9,14345.4,8085.7,3152.4,492.997,1356.93,62.1095,3838.26,9319.42,11782.3,682.619,1153.96,1273.18,1508.02,4610.42,3248.32,1719.07,12549.7,21544.6,11913.2,931.082,7952.4,6719.06,237.11,890.954,249.511,5590.47,20743.7,23900,20590.6,14435.2,7821.63,7565.91,496.659,8348.02,11165.1,5774.24,2947.23,5937.95,7947.7,1371.44,427.005,2003.14,5770.09,13113.3,9977.5,10782.1,12744,2752.62,2621.32,6842.8,4096.73,3451.75,5300.75,8940.26,8030.65,7165.32,2603.44,3234.11,10029.1,4160.89,641.505,5870.85,12855.3,7498.97,5732.14,4376.87,3498.84,5376.14,1071.95,1958.15,14556.6,15972.9,9578.49,5400.09,376.624,1016.24,354.595,285.915,858.33
32.768000000,934.854,1545.36,1659.15,2078.89,2879.46,1873.99,1456.94,249.964,248.288,489.07,900.978,596.636,2190.8,65.562,4410.31,10860.2,18555.2,11004.8,5210.01,5127.63,1981.99,1554.91,1179.39,2687.09,6960.67,15055.1,7067.46,279.432,318.849,626.974,871.654,1406.49,8031.59,19708.5,15605.2,11925.2,5787.38,196.866,3265.79,929.2,2324.5,3470.11,639.339,3086.21,11101.6,4861.54,13551.2,12057.7,664.765,903.711,1061.84,1723.37,3067.87,3286.65,1140.67,71.4994,736.006,726.741,6758.93,30641.8,53543.9,39988.9,11498.5,3132.32,7658.18,3907.53,1233.87,500.108,4672.27,7890.83,8754.72,8099.74,2387.08,1835.5,4569.13,11024.1,4328.63,716.854,5850.61,8411.15,2381.22,4283.68,2396.96,559.741,3141.41,6636.8,18513.9,18849.1,6871.51,1772.38,205.317,1173.69,243.397,3552.81,6495.62,10056.2,1516.66,1595.92,1386.25,775.548,3351.27,3175.16,965.656,15764.2,17794.6,9498.26,69.5457,7526.04,5030.84,19.0195,914.641,220.576,5178.49,20175.5,30246.2,17590.7,13446,13015.8,8949.76,1801.48,7523.02,11983.2,7462.57,3617.94,4739.68,7611.06,1175.11,397.174,1210.18,7764.44,16831.5,15045.4,13774.2,11866.9,4140.8,4297.84,6152.2,2272.99,5053.28,4845.21,7196.19,7943.47,6486.32,3506,4310.57,9595.18,4696.28,1291.13,6433.15,12818.7,6331.3,3873.59,2887.73,1999.06,5037.92,1248.59,2322.87,15287.6,12290.7,8632.54,5782.13,31.5186,610.082,399.225,260.009,1356.89
34.133333333,322.069,1327.66,1138.6,2881.07,3350.92,1183.71,1214.65,319.709,211.849,263.5,1019.27,1005.5,3063.49,286.693,3933.47,7229.55,16767.2,11314.9,7679.68,3931.62,886.354,1203.3,793.31,1860.36,5602.65,16536.8,6351.3,81.087,158.079,328.876,256.617,2241.4,10393.5,21221.9,15363.5,9354.74,5948.46,1113.61,2837.08,415.066,1612.14,3604.55,624.939,3291.57,10322.2,1898.45,15103,14888.5,1648.34,257.16,2004.78,2220.53,1822.8,2186.45,826.748,254.069,981.239,1289.25,5528.56,25128.1,62150.7,41299.5,11090,4304.69,7100.81,3070.8,617.446,358.222,3931.48,5612.7,6292.98,7657.7,1836.67,2208.12,4313.86,11065.5,4811.07,828.618,5244.05,8512.58,1072.65,4000.52,3046.35,1029.28,3033.3,6214.9,19103.1,21124.7,5417.43,859.87,549.112,1122.4,848.978,2967.97,3452.3,8578.72,2477.6,2009.79,1523.97,480.793,1747.41,3383.17,1504.75,17685,12470.8,6987.84,760.739,6565.78,3614.36,364.799,1086.89,551.335,3840.18,18344.1,32372.9,13243.9,10338.2,18158.6,10005.8,2725.9,7040.47,10474.4,8693.75,3825.88,3252.07,7453.26,720.064,314.742,718.021,8718.2,19661.1,18451.1,15378.2,9465.29,5336.61,6792.24,5365.92,1151.99,5930.91,3853.29,5030.5,6858.26,4741.97,4870.28,5276.91,8206.42,4650.32,1753.14,6669.65,11379.3,4527.23,2088.51,1979.65,1134.81,4189.53,1378.64,2767.85,14463.5,8697.08,6499.5,6090.97,123.421,324.466,300.913,264.633,1881.56
35.498666667,124.944,1030.01,691.17,3379.4,3450.69,661.579,878.41,690.672,271.211,305.076,980.067,1370.51,3910.74,1630.53,3479.05,4072.74,13394.8,9992.03,9232.28,3091.59,382.408,940.846,590.67,1243.93,4199.31,16504.7,5596.86,26.2014,46.1777,119.902,16.9473,2992.16,13082.8,19662.4,12908.3,6099.72,5566.86,2675.35,2232.45,249.256,1267.93,3489.59,537.615,3410.35,9594.16,180.08,15083.7,17827,3175.48,60.2183,3346.72,2733.42,847.88,1541.16,660.7,763.803,953.013,1885.65,3944.07,18782.4,63893,37636.9,9449.87,4626.69,5835.36,2728.79,523.559,728.336,3550.96,3495.81,3748.33,7154.3,834.089,2638.91,2998.39,10516.3,5892.36,734.1,4547.45,7746.73,457.176,3407.83,4151.09,1985.55,2477,4920.52,17925,20223.5,4587.2,487.099,1169.08,1136,1494.59,2319.36,1299.11,7253.93,2873.44,2451.94,1813.68,635.829,518.714,3696.64,3830.29,17735.5,7350.3,4558.5,2681.6,5582.99,2343.77,878.097,1338.35,1348.61,2133.88,15591.9,30253.3,8706.65,6831.79,21074.7,11354.9,2390.11,6898.64,7335.03,9024.2,3925.98,2393.1,7263.63,346.86,177.612,428.902,8786.52,20534.4,18851.2,15007.7,6424.36,5703.97,9506.34,5162.53,970.31,5661.7,2677.34,3070.15,5292.52,2634.11,6299.8,5384.99,6271.27,4192.82,1748.54,6453.6,8837.38,2875.77,847.058,1664.94,1056.79,3055.43,1359.1,2918.58,12588.1,6035.9,4317.08,6680.05,333.238,127.031,191.918,266.681,2290.56
36.864000000,428.507,846.017,472.791,3425.32,3093.21,429.847,656.235,1173.65,448.811,559.888,847.453,1466.47,4700.01,3935.09,3029.02,2433.29,9648.16,7178.82,9483.75,2699.29,356.997,822.267,719.704,867.714,3395.37,15132.2,4959.07,48.3303,11.6146,46.5159,51.9251,3658.81,14882.6,15776.9,9089.78,3115.71,4806.44,4283.3,1671.51,190.484,1304.25,3349.82,336.747,3491.03,8695.71,446.484,13942.6,19677.7,5121.02,618.817,5128.69,3337,729.568,1478.08,667.406,1461.32,780.115,2241.39,2546.86,13622,59090.5,30250,6959.66,3849.09,4299.91,2853.53,781.4,1194.16,3219.69,2140.31,2162.8,6426.52,112.246,2933.39,1365.28,9557.31,7210.68,392.419,4198.45,6342.61,491.735,2888.53,5294.16,3209.74,1649.51,3464.74,14964.8,16846.8,4462.66,544.844,1737.48,1199.79,1713.79,1826.09,547.12,5948.1,2539.38,2813.04,2417.54,1175.78,15.7102,4124.87,7389.47,15894.5,3747.91,2710.92,4566.37,4756.1,1276,1240.27,1674.15,2277.52,770.296,12640.1,25024.7,5314.71,3944.82,21207.7,12662.3,1205.02,6755.11,4139.56,8162.58,4553.29,2794.74,6886.31,260.05,75.4595,296.403,8206.17,19073.8,16156.8,12668.4,3733.12,5178.23,11569.8,5634.62,1588.94,4480.8,1669.4,1696.34,3922.13,1051.98,7280.26,4440.25,4318.08,3563.62,1240.11,5839.13,5803.07,1847.91,398.865,1685.45,1397.66,2001.95,1115.57,2631.48,10046.9,4800.92,3280.98,7300.15,595.293,56.385,184.134,301.956,2404.19
38.229333333,1030.52,818.408,556.504,2986.51,2430.54,449.414,592.536,1544.16,762.009,916.478,687.37,1264.85,5319.68,6443.04,2868.57,2377.89,6380.35,3920.05,8432.83,2686.94,540.025,764.922,1035.67,776.636,3374.06,12725.6,4573.32,47.5609,16.3259,71.0482,237.844,4307.56,14948.8,10854.2,5258.63,1147.25,3848.31,5243.15,1346.31,127.995,1565.48,3133.69,205.654,3467.6,7582.73,2237.49,12272.8,19377.4,7201.34,1956.85,7085.07,4244.7,1420.65,2001.53,1061.17,2075.31,563.297,2214.47,1710.82,11094.9,49360.2,21788.6,4153.78,2438.81,2798.34,3102.52,1153.29,1400.08,2739.43,1552.7,1817.16,5581.24,104.458,2965.45,227.384,8464.38,8208.71,172.437,4087.85,4808.13,839.3,2564.94,6019.94,4250.1,961.182,2383.37,10833.1,12375.7,4592.47,925.611,1975.45,1251.98,1432.6,1505.21,825.257,4827.63,1680.28,2920.42,3248.23,2000.21,355.482,4627.81,10626.5,12929.9,2084.23,1539.74,5367.14,4047.08,560.768,1209.48,2101.97,2895.57,105.473,10185,18567.4,3400.26,2399.38,18944.3,13400.1,186.692,6423.11,1893.42,6754.31,5874.57,4212.05,6513.04,389.594,23.1248,301.897,7154.78,15829.1,11277.9,9299.02,1988.4,4097.93,12230.3,6447.13,2558.33,2962.64,1000.97,1057.63,3078.16,608.017,7342.64,3008.01,2711.05,2896.11,582.545,4797.13,3195,1335.05,534.316,1780.38,1704.37,1222.29,692.59,1886.48,7423.4,4765.02,3637.87,7654.97,907.21,136.754,280.474,431.709,2115.29
39.594666667,1598.72,887.454,843.603,2216.66,1697.12,548.386,651.453,1651.02,1177.19,1204.36,555.818,928.544,5684.71,8057.08,3318.33,3171.19,3946.46,1483.79,6535.49,2770,660.003,712.494,1219.89,919.99,3765.38,9936.07,4149.31,46.3623,45.2412,138.729,485.054,4892.64,13117.3,6284.26,2486.23,386.669,2871,5285.99,1264.4,67.3092,1733.7,2828.37,338.705,3180.79,6461.69,4143.89,10475.3,16606.7,8957.61,3767.12,8604.46,5533.3,2620.51,2819.24,1854.39,2468.68,347.346,1997.22,1545,10714.7,37860.9,14257.1,1701.29,1177.56,1633.53,3055.86,1445.3,1268.91,1979.51,1495.13,2227.41,4722.45,868.504,2673.04,53.0709,7453.6,8388.66,492.321,3904.32,3521.88,1020.18,2440.01,6001.95,4743.33,630.873,1799.3,6686.17,8068.98,4321.48,1450.79,1872.4,1171.24,914.741,1322.71,1490.41,3940.53,778.781,2591.91,4118.48,2811.66,1292.94,5287.54,11861.1,9851.92,1661.64,1045.57,4839.83,3378.29,209.665,921.078,2436.19,2947.67,237.657,8361.67,12550.2,2571.07,2134.42,15384.1,12972.6,220.7,5928.95,1011.72,5553.39,7508.35,5989.43,6093.69,610.623,17.7629,343.145,6002.73,11485.4,6141.03,5973.46,1193.42,3072.47,11305.2,7076.2,3220.6,1640.73,702.151,1041.6,2654.01,1203.73,6531.93,1766.79,1650.46,2280.26,243.411,3414.95,1530.62,1014.93,864.715,1719.38,1706.55,715.652,278.754,974.554,5052.4,5195.65,4877.01,7370.04,1366.05,316.889,397.55,673.911,1551.35
40.960000000,1848.17,1004.01,1047.12,1467.39,1026.25,575.168,707.146,1554.93,1482.27,1381.69,433.881,721.487,5594.53,8311.32,4135.77,3895.39,2392.02,499.898,4495.57,2584.21,636.552,625.008,1110.35,1185.26,3832.89,7339.7,3481.11,111.055,97.0098,208.217,738.771,5148.01,9993.39,3168.41,936.519,403.49,2145.56,4588.67,1272.99,89.3561,1679.2,2371.74,735.464,2777.13,5253.98,5051.52,8297.85,12570.4,9439.42,5571.91,9235.87,6691.8,3950.18,3571.01,2742.62,2658.71,193.886,1743.35,2056.39,11053.6,26857.1,8823.67,314.736,494.536,878.24,2600.95,1551.88,903.875,1198.81,1550.81,2602.74,3920.79,1942.19,2296.31,725.725,6446.83,7669.83,1436.59,3449.15,2550.67,830.196,2285,5326.49,4438.32,706.311,1537.5,3510.52,4498.16,3571.96,1771.88,1615.58,860.501,458.931,1200.34,2051.03,3129.1,271.32,2038.29,4636.49,3396.62,2291.49,5909.08,10669.1,7123.19,1606.95,1059.49,3575.27,2617.5,162.58,674.828,2368.17,2617.03,993.682,6671.79,7938.92,2180.21,2456.83,11502.5,11380.3,1417.21,5267.51,1398.62,4886.59,8662.34,7353.04,5524.09,793.214,27.2743,346.551,4829.75,7166.2,2395.4,3306.67,1094.91,2523.8,9142.19,7102.7,3129.58,789.114,584.66,1308.5,2353.13,2283.55,5221.18,1197.43,1082.39,1733.26,419.325,2163.66,641.637,669.076,1064.6,1492.84,1396.2,381.054,57.2183,367.723,3125.84,5285.76,5871.36,6591.85,1849.71,504.967,557.73,891.467,1007.47
42.325333333,1738.97,1081.89,992.987,874.175,536.299,463.972,700.228,1296.31,1557.57,1362.59,398.549,702.72,4959.87,7321.21,4808.08,3949.86,1651.52,533.743,2862.49,1951.72,553.313,454.051,844.317,1340.37,3312.92,5060.91,2691.25,238.825,126.987,270.9,990.993,4669.68,6748.08,1626.42,250.305,661.512,1812.17,3457.07,1265.66,200.211,1438.76,1791.59,1142.52,2315.19,3990.63,4563.28,5827.8,8372.9,8390.18,6754.78,8660.71,7262.18,4792.72,4054.25,3331.83,2586.58,237.805,1472.06,2869.53,10679.7,17591.7,5734.13,14.6,271.893,498.178,1947.57,1372.19,484.959,631.497,1439.68,2524.87,3215.97,2568.41,2067.26,1601.54,5415.26,6308.38,2510.47,2855.48,1759.71,431.543,1895.52,4280.66,3463.94,1034.11,1210.89,1572,2127.92,2398.04,1735.13,1257.15,488.33,168.188,1044.8,2176.02,2377.09,264.42,1594.88,4378.73,3694.72,3002.32,5866.22,8117.52,4750.95,1490.52,1150.48,2322.3,1785.82,289.418,542.931,1901.5,2060.49,1807.91,5029.72,4840.13,1604.43,2400.33,8191.28,8971.91,3170.11,4395.83,2430.81,4648.35,8598.53,7707.97,4708.53,898.684,35.421,361.6,3498.47,3924.17,554.237,1502.37,1293.01,2330.6,6621.91,6123.74,2496.75,347.618,457.641,1393.17,2142.81,2982.92,3973.25,1127.17,857.98,1386.61,791.571,1306.92,236.753,357.503,992.536,1206.05,916.245,181.323,4.77503,139.876,1857.52,4588.45,5924.38,5488.49,2140.66,676.801,721.997,932.559,589.424
43.690666667,1409.11,1010.62,744,451.317,234.896,282.657,562.126,994.508,1343.34,1175.43,428.878,813.853,3826.96,5705.01,4730.67,3364.55,1380.22,820.439,1720.68,1221.83,368.579,281.655,572.339,1213.11,2430.5,3133.37,1916.21,356.062,141.778,313.323,1109.33,3628.65,4086.51,1076.61,81.2804,771.224,1628.52,2334.02,1117.01,359.418,1052.32,1294.01,1215.26,1793.53,2722.93,3136.4,3397.6,4849.45,6330.33,6601.67,7289.65,6720.89,4938.86,3967.33,3442.38,2195.68,535.315,1221.55,3401.89,8855.79,10734.8,4065.34,229.511,237.71,476.314,1241.13,940.888,201.362,303.482,1091.56,2017.73,2527.11,2467.87,1869.86,2090.3,4312.91,4787.38,2987.32,2248.24,1071.2,115.148,1368.26,2964.79,2437.8,1206.12,807.362,557.4,816.593,1284.46,1298.44,883.627,246.445,42.6205,816.413,1849,1718.12,482.477,1337.84,3522.76,3497.25,3220.68,4994.11,5287.87,2853.88,1174.42,995.432,1385.43,1115.7,377.552,468.223,1210.6,1574.53,2085.35,3469.06,2840.93,870.261,1691.24,5470.75,6590.34,4230.08,3636.6,3129.62,4432.85,7279.75,6826.32,3715.32,919.702,43.8218,428.394,2186.92,1917.19,91.8772,611.293,1323.89,2207.02,4327.3,4289.75,1769.87,153.426,302.398,1182.64,1920.79,2871.16,2884.88,1247.56,854.932,1125.61,994.693,777.875,113.487,166.418,730.912,841.993,499.077,123.267,11.9803,86.297,1106.82,3368.83,4893.83,4235.45,2098.16,813.911,770.974,832.768,311.911